alerta_id,placa,desde_brt,periodo,veredito,cat,n_dest,n_dest_cli,n_pend,tem_pend,vel_T,dbase_T,stop,stop_off_min,stop_dur,S_dest_d,S_pend_d,S_rom_d,pres_first_cod,pres_first_dt,pres_in_dest,pres_in_pend,r0,r10,b0,b10,osrm_sobe_todos,gps_jumps,grp
43debe27-cb13-4e2f-a81b-c1514bc8fc63,RQU-6G55,2026-08-24 07:46,A 24-28/08,correto,8 indeterminado,2,1,1,True,28,19701.5,True,11.4,1661,12675.2,12675.2,12782.1,,,,,13572.1,13243.2,19701.5,19861.8,True,0,2026-08-24 07:51
4d8c0285-9599-46d9-ab78-ae255fce29ee,RQV-7H50,2026-08-24 07:47,A 24-28/08,correto,1d para em ponto do ROMANEIO que nao esta na lista da Central,8,7,8,True,16,19311.2,True,1.6,1124,3585.7,297.0,0.0,,,,,3389.9,3585.7,19311.2,19709.0,True,0,2026-08-24 07:51
64aa2d2b-ef80-492e-94f5-0ae12839a07d,TOS-3C21,2026-08-24 09:25,A 24-28/08,correto,9 sem disparo afastando_geral (outra origem),0,0,9,True,0,98266.9,True,-0.6,378,,573.5,0.0,,,,,,,,,,0,2026-08-24 12:58
ceff95e5-3134-4ea7-a7f1-1c5d715eaa38,RQV-5F67,2026-08-24 13:03,A 24-28/08,falso,9 sem disparo afastando_geral (outra origem),0,0,1,True,0,46755.7,False,,,,,,,,,,,,,,,0,2026-08-24 13:34
d71fdc04-5b46-48dd-9654-78786878fb94,TOS-1I21,2026-08-25 07:31,A 24-28/08,falso,1a lista vazia: Unitrac sem pendentes (so base),1,0,0,False,93,19764.2,False,,,,,,,,,,,,,,True,0,2026-08-25 07:44
323380f0-f85e-4021-b684-6cf109c8fe74,RBF-5G63,2026-08-25 07:47,A 24-28/08,correto,3b visita cliente da lista logo depois (reta nao diminui),27,27,27,True,65,115002.9,False,,,,,,87302,43.9,True,True,10231.9,11831.5,115002.9,114248.6,True,0,2026-08-25 07:46
c69aff61-6346-4001-a54b-7de338086b3c,RQP-2G33,2026-08-25 07:55,A 24-28/08,correto,8 indeterminado,25,25,27,True,25,95039.2,True,0.6,773,2643.6,327.8,327.8,,,,,2547.8,2640.3,95039.2,95175.6,True,0,2026-08-25 07:58
14d0299a-6ba8-4e9f-98db-0b8334c710e5,RBJ-2H28,2026-08-25 08:16,A 24-28/08,correto,7 GPS ruidoso,28,28,28,True,72,50400.0,True,24.9,203,8.4,8.4,0.0,601665,40.7,True,True,,,,,True,1,2026-08-25 08:18
29754a11-56ed-4172-b161-065b0392e9cc,RQM-0C38,2026-08-25 08:18,A 24-28/08,correto,2 para perto de cliente da lista mas coord. a 150-600m,28,28,28,True,24,96224.2,True,18.4,613,289.3,289.3,0.0,601394,48.7,True,True,4864.8,3182.2,96224.2,99543.9,True,0,2026-08-25 08:23
c768c2d0-4433-481d-9e10-830027818fb4,RQU-0B47,2026-08-25 08:29,A 24-28/08,correto,3b visita cliente da lista logo depois (reta nao diminui),15,15,15,True,28,62795.3,True,28.7,197,135.1,135.1,39.6,829300,-1.3,True,True,467.2,1618.6,62795.3,61914.9,True,0,2026-08-25 08:33
66f50f33-8b2e-423c-94b8-8e77a3ff5ba8,TOS-3C21,2026-08-25 08:46,A 24-28/08,falso,2 para perto de cliente da lista mas coord. a 150-600m,2,2,2,True,13,93446.4,True,2.8,507,433.3,433.3,15.0,,,,,609.8,433.3,93446.4,93486.2,True,0,2026-08-25 08:47
6acad786-b69d-4a5a-870f-ed5e97963c69,TTT-1E20,2026-08-25 08:50,A 24-28/08,falso,9 sem disparo afastando_geral (outra origem),0,0,26,True,0,7907.6,True,-1.7,2493,,658.8,2.9,,,,,,,,,,0,2026-08-25 08:53
c3cc6172-4591-40f0-823a-a98328458be1,RQU-8D91,2026-08-25 08:55,A 24-28/08,falso,9 sem disparo afastando_geral (outra origem),0,0,9,True,0,21973.0,True,4.9,2072,,1844.6,1844.6,,,,,,,,,,0,2026-08-25 09:00
fca73df9-850b-4f69-acaf-ace3cb4efc2e,TOS-0H81,2026-08-25 09:13,A 24-28/08,correto,5 retorno a base,32,32,33,True,19,69539.5,True,0.7,143,2034.9,2034.9,1701.9,808220,14.5,True,True,1952.3,245.3,69539.5,67358.8,True,0,2026-08-25 09:12
c76bd5db-49eb-4f4c-8b4b-1d6aa3d96397,RBJ-2J67,2026-08-25 09:36,A 24-28/08,falso,"3 rota indireta: vai a cliente da lista (reta diminui, rua sobe)",16,16,15,True,30,71572.1,True,0.7,212,1522.9,2173.3,684.4,,,,,1463.9,273.0,71572.1,72403.9,True,0,2026-08-25 09:43
53c393b0-85c1-4e27-bdb8-fce8c93e7eac,TOS-0G53,2026-08-25 09:56,A 24-28/08,correto,6 para no cliente da lista (<=150m),16,15,11,True,16,43921.3,True,27.5,191,108.1,108.1,80.5,644340,47.1,True,True,578.8,715.0,43921.3,43867.7,True,0,2026-08-25 10:01
1e91b33d-f417-4ebd-8b25-bd49657d04a7,RQU-9D10,2026-08-25 10:25,A 24-28/08,falso,9 sem disparo afastando_geral (outra origem),0,0,7,True,0,14913.9,True,-1.4,352,,3134.7,2189.9,,,,,,,,,,0,2026-08-25 10:28
bf16be5f-cc48-4d67-b77d-2913554acff9,TOS-4J82,2026-08-25 10:44,A 24-28/08,correto,8 indeterminado,14,14,12,True,15,101410.5,True,1.7,175,871.3,16765.3,859.5,,,,,792.6,884.7,101410.5,101474.2,True,0,2026-08-25 10:49
9c2b5bf6-baba-43d1-9f77-46f6b8f1959d,RBI-0J25,2026-08-25 11:02,A 24-28/08,correto,5 retorno a base,4,4,5,True,53,70074.4,False,,,,,,,,,,2591.6,7095.9,70074.4,68492.3,True,0,2026-08-25 11:01
0fe6b8b0-d826-4f2f-a2c5-fd729973ddb7,RQP-4A68,2026-08-25 11:07,A 24-28/08,correto,8 indeterminado,19,19,17,True,15,107932.6,True,6.3,265,2107.7,2107.7,2026.7,,,,,755.2,2106.6,107932.6,109937.7,True,0,2026-08-25 11:12
8ddd63f9-9906-4181-b977-b6c01b0a63c5,RQU-6E83,2026-08-25 11:12,A 24-28/08,falso,3b visita cliente da lista logo depois (reta nao diminui),27,27,24,True,25,60210.1,False,,,,,,843471,-4.6,True,True,425.6,3710.9,60210.1,62382.3,True,0,2026-08-25 11:16
d2b0386a-bbd9-4e4e-9af1-5dc11de1d3d9,RQU-0B47,2026-08-25 11:15,A 24-28/08,correto,5 retorno a base,6,6,3,True,61,69714.1,True,8.3,658,6.2,6.2,2.8,,,,,1792.0,3.6,69714.1,68116.2,False,0,2026-08-25 11:14
74ec0d9c-d50d-47b9-9355-ffd7c1b75d0e,RQP-2G33,2026-08-25 11:54,A 24-28/08,correto,"3 rota indireta: vai a cliente da lista (reta diminui, rua sobe)",15,15,15,True,11,95620.2,True,24.8,449,137.9,137.9,0.0,563445,27.2,True,True,1025.9,475.5,95620.2,96581.9,True,0,2026-08-25 11:57
08f48166-b87a-409c-b2ff-85ce21eb066a,RQQ-5B81,2026-08-25 12:01,A 24-28/08,correto,8 indeterminado,16,16,13,True,42,69424.7,True,16.0,952,1470.9,1470.9,1470.9,201856,49.0,True,True,2848.7,3018.8,69424.7,69074.2,True,0,2026-08-25 11:58
62d28c1b-6ad4-4f3b-9efc-d658ba3bd113,TOS-4J82,2026-08-25 12:10,A 24-28/08,falso,"3 rota indireta: vai a cliente da lista (reta diminui, rua sobe)",14,14,11,True,42,79008.0,True,16.3,198,5813.0,5813.0,2532.2,778322,54.0,True,True,7026.9,5264.7,79008.0,79933.8,True,0,2026-08-25 12:12
a5b6d5d0-9924-4412-8aa5-af270365f09a,RQV-6C22,2026-08-25 13:45,A 24-28/08,falso,8 indeterminado,13,13,10,True,12,130891.6,True,1.6,176,907.8,1002.0,1002.0,425441,56.7,True,True,678.6,199.8,130891.6,131400.9,True,0,2026-08-25 13:52
34d35f0f-7e43-46ac-8080-e683d3c7c28a,RQU-1B50,2026-08-25 13:53,A 24-28/08,correto,1d para em ponto do ROMANEIO que nao esta na lista da Central,13,12,12,True,18,23360.3,True,1.8,348,5211.7,453.3,193.6,,,,,4906.2,5035.6,23360.3,23833.8,True,0,2026-08-25 13:56
ed4b100f-ae67-44d8-b6e1-a52dad898eaf,TOS-0G94,2026-08-25 14:03,A 24-28/08,correto,3b visita cliente da lista logo depois (reta nao diminui),19,18,10,True,28,17826.8,True,5.7,721,1427.4,1427.4,1722.6,628431,36.0,True,True,868.4,1439.7,17826.8,18105.8,True,0,2026-08-25 14:10
31ccf1c7-37fe-4b44-b966-4c93b8ed101b,RQP-2G33,2026-08-25 14:59,A 24-28/08,falso,8 indeterminado,11,11,9,True,33,94267.5,True,7.9,279,8443.0,8443.0,6009.6,,,,,3511.8,8443.0,94267.5,93580.7,True,0,2026-08-25 15:05
e9a24c83-64e4-41ac-8f5d-f9739fbf7f95,RQS-7H76,2026-08-25 15:21,A 24-28/08,correto,8 indeterminado,19,18,15,True,22,24544.6,True,4.5,422,5261.7,5261.7,4897.1,,,,,5087.0,5261.7,24544.6,24467.3,True,0,2026-08-25 15:11
3b7324bb-26c7-4854-9792-7469adcf5cdf,RQP-0G77,2026-08-25 15:38,A 24-28/08,correto,"3 rota indireta: vai a cliente da lista (reta diminui, rua sobe)",12,11,10,True,9,46783.3,True,9.5,735,6.4,6.4,1.1,608169,12.9,True,True,1562.5,9.5,46783.3,48311.8,True,0,2026-08-25 15:41
bebdf981-8e14-4254-aec7-186827768e5a,RQV-3J99,2026-08-25 15:42,A 24-28/08,correto,8 indeterminado,5,5,4,True,52,99324.6,False,,,,,,,,,,22779.7,23122.5,99324.6,98822.7,True,0,2026-08-25 15:38
a31dd08e-edb3-4620-b8a0-bfdb763fb6c0,RQU-2H61,2026-08-25 16:04,A 24-28/08,correto,3b visita cliente da lista logo depois (reta nao diminui),15,14,14,True,0,44416.8,True,13.7,222,1485.3,1485.3,2027.3,511561,29.3,True,True,1806.8,1600.7,44416.8,44288.2,True,0,2026-08-25 16:05
50223571-092a-49cf-8a2d-f4afc72c61de,RBI-1E10,2026-08-25 16:13,A 24-28/08,correto,4 saida de base/patio,8,7,3,True,82,4585.2,False,,,,,,,,,,6291.1,8242.8,4585.2,6109.3,True,0,2026-08-25 16:09
672f515c-12ec-4af7-8683-975c75a79a7b,RQV-3G18,2026-08-26 07:17,A 24-28/08,falso,1b lista so base: pendentes existem mas >50km/filtrados,1,0,26,True,54,10236.9,True,21.6,577,21971.4,70726.5,59865.4,,,,,,,,,True,0,2026-08-26 07:19
e143f4bb-89d6-4a55-9005-da39a326d559,TTY-0J84,2026-08-26 07:17,A 24-28/08,falso,9 sem disparo afastando_geral (outra origem),0,0,31,True,0,16315.5,True,-1.3,1141,,323.6,16.4,188019,22.6,False,True,,,,,,0,2026-08-26 07:20
efb3bd05-3e22-4411-b3bb-8aa61435df37,TTY-1A57,2026-08-26 07:19,A 24-28/08,falso,1a lista vazia: Unitrac sem pendentes (so base),1,0,0,False,6,2713.4,True,5.6,2017,2724.3,,612.6,,,,,,,,,True,0,2026-08-26 07:21
ae898516-6798-4466-a79c-a8e306f2c287,RQV-0E64,2026-08-26 08:12,A 24-28/08,falso,7 GPS ruidoso,0,0,32,True,0,94910.7,True,-1.6,1989,,1505.3,1480.8,217815,34.8,False,True,,,,,,1,2026-08-26 08:15
2b2e669f-2b56-4d48-a47d-e977200ce9d8,RQS-7H76,2026-08-26 08:19,A 24-28/08,correto,9 sem disparo afastando_geral (outra origem),0,0,24,True,0,12757.9,True,-1.4,1033,,1034.8,1841.6,721802,45.5,False,True,,,,,,0,2026-08-26 08:23
2772758b-a49c-422a-bb1b-2daabae983e5,TTI-9B97,2026-08-26 08:20,A 24-28/08,falso,9 sem disparo afastando_geral (outra origem),0,0,27,True,0,8793.4,True,-1.1,319,,1378.7,12.2,165897,26.8,False,True,,,,,,0,2026-08-26 08:26
2badc091-1fa4-4c56-997c-eddef505a7c0,RQU-3B36,2026-08-26 08:27,A 24-28/08,falso,8 indeterminado,39,38,39,True,88,29988.4,True,22.9,533,41802.8,41802.8,41897.9,,,,,23277.9,35673.3,29988.4,43112.9,True,0,2026-08-26 08:37
c50926d0-9c10-4fff-b585-0b8099c95ec6,RQQ-1B52,2026-08-26 08:27,A 24-28/08,falso,"3 rota indireta: vai a cliente da lista (reta diminui, rua sobe)",17,17,15,True,21,107087.5,True,3.3,331,13.4,6628.4,0.0,896647,-3.6,True,False,447.1,68.4,107087.5,107244.0,True,0,2026-08-26 08:46
c1c0f1b1-56c3-40da-899b-17566ecb7154,TOS-0G53,2026-08-26 08:29,A 24-28/08,falso,3b visita cliente da lista logo depois (reta nao diminui),20,19,19,True,18,45765.9,True,0.7,1713,928.8,135.6,0.0,858305,37.5,True,True,883.1,928.8,45765.9,45756.1,True,0,2026-08-26 08:34
fab5c106-d698-4416-a50e-d54dfc440211,RQV-9E37,2026-08-26 08:31,A 24-28/08,falso,5 retorno a base,24,24,24,True,52,96997.9,True,23.1,877,11054.1,11054.1,13429.8,,,,,9207.1,13316.9,96997.9,86328.5,True,0,2026-08-26 08:36
a2b5ec04-c8b6-4b36-bf12-259b221e21aa,TUS-1B06,2026-08-26 09:26,A 24-28/08,falso,1a lista vazia: Unitrac sem pendentes (so base),1,0,0,False,59,1975.9,True,19.4,1232,16553.9,,105465.3,,,,,,,,,True,0,2026-08-26 09:31
2953e250-26b2-41da-974c-8471401ee517,RQU-0B47,2026-08-26 09:39,A 24-28/08,falso,"3 rota indireta: vai a cliente da lista (reta diminui, rua sobe)",31,31,31,True,13,66367.7,True,8.6,452,48.0,48.0,0.3,858289,11.3,True,True,2030.3,47.6,66367.7,68353.5,True,0,2026-08-26 09:51
36a9a7cd-9a50-476f-83dd-321618ac4598,RQS-7H76,2026-08-26 10:34,A 24-28/08,correto,9 sem disparo afastando_geral (outra origem),0,0,21,True,0,15835.5,True,-1.8,664,,1369.7,1920.2,,,,,,,,,,0,2026-08-26 10:36
c1cfb99b-9161-4bbb-b848-d8dc4c57ee4a,RBI-1E10,2026-08-26 12:39,A 24-28/08,falso,8 indeterminado,10,9,9,True,41,23135.5,False,,,,,,,,,,9926.9,13234.2,23135.5,27041.2,True,0,2026-08-26 12:46
931fa493-724d-49eb-bd30-4dfd9ad93f4e,RQU-2E34,2026-08-26 12:54,A 24-28/08,correto,7 GPS ruidoso,9,9,5,True,0,104402.2,True,-0.4,490,8175.2,8175.2,5018.9,,,,,,,,,True,1,2026-08-26 12:58
255da6a6-c894-4516-b023-979287d5b44e,TTJ-9I18,2026-08-26 12:55,A 24-28/08,falso,9 sem disparo afastando_geral (outra origem),0,0,10,True,0,9808.4,True,-1.4,859,,1588.2,1065.3,447054,44.6,False,True,,,,,,0,2026-08-26 12:51
71f21d1d-e985-4ec7-a6b2-7a32fa9a8542,RQU-9J17,2026-08-26 12:56,A 24-28/08,correto,8 indeterminado,8,8,5,True,18,86581.6,True,1.7,340,693.7,2903.1,693.7,,,,,649.8,338.6,86581.6,87320.0,True,0,2026-08-26 13:00
0f6753e1-417a-4f11-a99e-fd9e3e985286,TTD-7H14,2026-08-26 13:00,A 24-28/08,correto,3b visita cliente da lista logo depois (reta nao diminui),16,15,11,True,15,44256.0,True,18.7,243,27.6,27.6,0.0,653547,29.8,True,True,1469.5,1306.2,44256.0,44094.3,True,0,2026-08-26 13:06
520839b0-58cc-4039-b1b3-f4cb44442395,TTM-5H23,2026-08-26 13:04,A 24-28/08,falso,8 indeterminado,5,4,4,True,25,40086.7,True,22.7,1017,2861.6,2861.6,2189.0,,,,,4301.3,4286.6,40086.7,40129.7,True,0,2026-08-26 13:07
ff6a8899-e611-4832-8e05-0417161d931e,RQQ-1B52,2026-08-26 13:04,A 24-28/08,correto,9 sem disparo afastando_geral (outra origem),0,0,4,True,0,117141.1,True,-0.2,247,,613.1,0.0,538415,21.1,False,True,,,,,,0,2026-08-26 13:09
4784edbd-c1ea-4a2c-b4af-5f135b3bc99a,RQP-4A68,2026-08-26 13:18,A 24-28/08,falso,8 indeterminado,21,21,14,True,66,156294.1,True,7.1,616,1860.5,1860.5,1992.3,,,,,1349.0,1860.6,156294.1,159018.1,True,0,2026-08-26 13:23
c888dc18-c724-4f2d-9a68-205589b0f4dd,RQU-9J17,2026-08-26 13:38,A 24-28/08,falso,8 indeterminado,7,7,5,True,30,85886.0,False,,,,,,,,,,1747.9,6644.3,85886.0,86163.9,True,0,2026-08-26 13:48
d23c6561-4c36-42f9-b5cf-f1c1dcfb40b7,RQU-1B50,2026-08-26 14:09,A 24-28/08,falso,9 sem disparo afastando_geral (outra origem),0,0,5,True,0,15956.6,True,-1.6,310,,605.3,605.3,647329,8.8,False,True,,,,,,0,2026-08-26 14:17
09ad8f3f-b501-4cf6-a8e0-edd8dde013f1,TTM-7C13,2026-08-26 14:14,A 24-28/08,correto,8 indeterminado,11,10,7,True,90,13887.0,True,20.8,1057,10560.2,10560.2,1780.8,,,,,4038.4,9793.7,13887.0,20554.9,True,0,2026-08-26 14:09
ce69552f-e789-45cc-9507-aa385a025ff8,TTM-5H23,2026-08-26 14:31,A 24-28/08,falso,9 sem disparo afastando_geral (outra origem),0,0,2,True,0,35755.1,True,-1.7,1391,,2114.9,311.7,,,,,,,,,,0,2026-08-26 14:41
bc0152fc-d215-4db2-84f0-b2a71b3e9a37,RBI-0B09,2026-08-26 14:36,A 24-28/08,correto,8 indeterminado,12,11,4,True,41,24446.9,True,3.7,128,1665.7,1665.7,1662.6,,,,,2128.6,1967.0,24446.9,24105.9,True,0,2026-08-26 14:41
08d9d470-37b0-48fa-aa94-28ce5e68c7d8,RQV-9E37,2026-08-26 14:43,A 24-28/08,falso,"3 rota indireta: vai a cliente da lista (reta diminui, rua sobe)",8,8,6,True,15,94890.1,True,4.5,255,56.8,56.8,563.6,924009,6.6,True,True,1145.9,176.7,94890.1,94165.5,True,0,2026-08-26 14:46
9da41f03-004d-4051-8ffb-ce86f2ce7d94,RQU-1G17,2026-08-26 14:44,A 24-28/08,falso,9 sem disparo afastando_geral (outra origem),0,0,3,True,0,120317.1,True,-1.8,2477,,5686.9,226.2,,,,,,,,,,0,2026-08-26 14:37
22d9c969-9402-4b9a-868d-60bf547171a1,RQV-0E64,2026-08-26 14:44,A 24-28/08,falso,7 GPS ruidoso,21,21,6,True,81,55968.8,True,0.7,493,40448.3,40448.3,21890.3,,,,,,,,,True,1,2026-08-26 14:47
5be910d1-8f0a-456a-b727-dd1835caa7ef,RQQ-1B52,2026-08-26 14:45,A 24-28/08,falso,5 retorno a base,4,4,2,True,89,85309.1,True,8.0,161,38383.7,38383.7,31950.0,,,,,29022.0,38383.7,85309.1,75941.0,True,0,2026-08-26 14:50
ee4bcb7b-7997-4b6a-b317-9d8ef45d98b1,RQT-0J15,2026-08-26 15:18,A 24-28/08,falso,6 para no cliente da lista (<=150m),8,7,6,True,45,39014.9,True,15.8,314,27.6,27.6,0.0,,,,,6496.3,3542.7,39014.9,37917.2,True,0,2026-08-26 15:22
8b4a9b80-b205-40c0-bf5a-c8cc2ae7099b,RQV-4F38,2026-08-26 15:36,A 24-28/08,falso,5 retorno a base,3,3,2,True,88,126014.3,False,,,,,,,,,,6544.0,20821.5,126014.3,112639.3,True,0,2026-08-26 15:38
c6769a42-5ade-4e77-82f0-6c9d762bce6c,RQV-9E67,2026-08-26 15:38,A 24-28/08,falso,7 GPS ruidoso,4,4,3,True,0,118790.1,False,,,,,,,,,,,,,,True,1,2026-08-26 15:41
3c74d3d5-7aef-4fb2-987b-d2eef6d78be4,RQU-6G55,2026-08-27 06:57,A 24-28/08,falso,9 sem disparo afastando_geral (outra origem),0,0,26,True,0,24831.9,True,-1.3,1220,,1314.8,1311.2,517087,25.8,False,True,,,,,,0,2026-08-27 07:10
7b4b0338-d084-463f-9c81-0cf6d4265a26,RQV-6I51,2026-08-27 06:57,A 24-28/08,falso,1b lista so base: pendentes existem mas >50km/filtrados,1,0,2,True,27,18580.8,False,,,,,,,,,,,,,,True,0,2026-08-27 07:06
da260049-c289-4d97-90a0-4268719bd680,RBJ-2J67,2026-08-27 06:57,A 24-28/08,falso,1b lista so base: pendentes existem mas >50km/filtrados,1,0,37,True,66,9673.8,False,,,,,,,,,,,,,,True,0,2026-08-27 07:04
a73bf7e5-d067-4e29-9510-58b60e560881,TTL-2H39,2026-08-27 07:04,A 24-28/08,falso,9 sem disparo afastando_geral (outra origem),0,0,33,True,0,7181.6,True,-1.8,890,,688.3,1315.8,,,,,,,,,,0,2026-08-27 07:12
2c206b13-087b-488a-8020-c7e7ce242fb7,RQU-4B93,2026-08-27 07:05,A 24-28/08,correto,9 sem disparo afastando_geral (outra origem),0,0,22,True,0,57871.6,True,-1.9,647,,59929.2,59790.1,,,,,,,,,,0,2026-08-27 11:00
0d5d4f0b-b075-4776-bb73-6b9a3358b612,RQV-3J99,2026-08-27 07:20,A 24-28/08,falso,7 GPS ruidoso,1,1,22,True,54,49762.7,False,,,,,,,,,,,,,,True,1,2026-08-27 07:23
a27cf5a6-0cfc-4a39-8b3a-7526b8dc5575,RQU-3B36,2026-08-27 07:24,A 24-28/08,correto,8 indeterminado,5,4,42,True,52,45946.9,True,36.0,178,69642.2,71693.5,65869.4,,,,,48018.1,56512.8,45946.9,54449.0,True,0,2026-08-27 07:26
49b9abee-16b9-4d4a-9e47-d8974a5518e4,RQV-4F38,2026-08-27 07:24,A 24-28/08,falso,"3 rota indireta: vai a cliente da lista (reta diminui, rua sobe)",17,17,36,True,79,83360.6,True,4.2,178,35221.0,35221.0,35303.2,642121,57.2,True,True,37928.5,33564.2,83360.6,88015.7,True,0,2026-08-27 07:27
742d00d8-5421-489c-b1e7-acb0fa6950e1,TUG-9D20,2026-08-27 08:08,A 24-28/08,falso,9 sem disparo afastando_geral (outra origem),0,0,0,False,0,5451.3,True,-0.6,2413,,,,,,,,,,,,,0,2026-08-27 08:14
f6fe9079-32ab-48e8-8738-b7916d44b882,TTI-6D27,2026-08-27 08:10,A 24-28/08,falso,9 sem disparo afastando_geral (outra origem),0,0,21,True,0,9793.1,True,-1.6,1171,,642.0,22.1,592251,30.2,False,True,,,,,,0,2026-08-27 08:13
a147c17a-b7da-4445-94ea-0f5b18ceb58b,TTE-6D61,2026-08-27 08:50,A 24-28/08,falso,"3 rota indireta: vai a cliente da lista (reta diminui, rua sobe)",26,25,19,True,0,17949.1,True,19.1,303,354.8,354.8,435.2,810784,30.0,True,True,807.7,23.4,17949.1,18480.3,True,0,2026-08-27 08:52
3d5bd98a-6d28-4c50-8803-8ad88f6ee6ee,TUI-0H19,2026-08-27 08:55,A 24-28/08,falso,9 sem disparo afastando_geral (outra origem),0,0,0,False,0,9904.4,True,0.9,2335,,,,,,,,,,,,,0,2026-08-27 08:58
d0ee27c9-21cc-4bfd-b8ce-264bc4ddf480,RQT-0J15,2026-08-27 08:57,A 24-28/08,falso,9 sem disparo afastando_geral (outra origem),0,0,16,True,0,79292.5,True,24.3,278,,19.2,0.0,413986,39.9,False,True,,,,,,0,2026-08-27 09:03
e10fb482-52a3-40d2-a922-0b536ff00b6b,TTM-7C13,2026-08-27 09:16,A 24-28/08,falso,9 sem disparo afastando_geral (outra origem),0,0,23,True,0,2916.2,True,-1.8,983,,1241.6,1105.3,468880,56.3,False,True,,,,,,0,2026-08-27 09:18
559dcaf0-6139-4a17-a8d2-be93501ed3ae,TOS-4G92,2026-08-27 09:40,A 24-28/08,falso,"3 rota indireta: vai a cliente da lista (reta diminui, rua sobe)",23,22,21,True,41,21274.5,True,13.9,260,340.6,340.6,277.5,950130,31.9,True,True,906.3,496.1,21274.5,20542.2,True,0,2026-08-27 09:43
f8fc6473-8912-4138-b7f7-85f913f5ecfb,RQP-0G77,2026-08-27 09:48,A 24-28/08,falso,1d para em ponto do ROMANEIO que nao esta na lista da Central,28,27,26,True,5,36705.4,True,0.8,565,1093.8,1780.0,0.0,,,,,1035.9,1093.8,36705.4,36703.8,True,0,2026-08-27 09:51
ec45857a-025e-425e-bc9f-731cd64960e0,RQV-9E67,2026-08-27 09:50,A 24-28/08,falso,9 sem disparo afastando_geral (outra origem),0,0,19,True,0,109303.4,True,-1.2,676,,1153.7,1125.3,,,,,,,,,,0,2026-08-27 09:56
89437b6a-23ff-44ac-9728-9b442955492c,RQP-2G33,2026-08-27 09:56,A 24-28/08,correto,"3 rota indireta: vai a cliente da lista (reta diminui, rua sobe)",13,13,11,True,7,92910.4,True,8.9,265,87.7,87.7,87.7,922824,10.2,True,True,760.4,92.7,92910.4,92412.7,True,0,2026-08-27 09:46
46ec7804-0267-4608-8682-2b2a58ac13ef,TUG-9D20,2026-08-27 10:50,A 24-28/08,falso,9 sem disparo afastando_geral (outra origem),0,0,0,False,0,10637.4,True,-1.6,2460,,,,,,,,,,,,,0,2026-08-27 10:43
8e3e5b7a-6770-4040-b478-bcbdf6860741,RQP-2G33,2026-08-27 10:59,A 24-28/08,correto,6 para no cliente da lista (<=150m),12,12,8,True,25,98172.7,True,6.8,873,13.8,13.8,3.0,,,,,1403.5,16.6,98172.7,98392.4,True,0,2026-08-27 11:01
2916cc20-d897-4b94-aab5-36219727a3d4,RQU-9J17,2026-08-27 11:22,A 24-28/08,correto,8 indeterminado,26,26,28,True,23,88510.5,True,3.7,2049,1460.4,1103.7,1144.0,641350,58.7,True,True,1212.1,1460.4,88510.5,88345.4,True,0,2026-08-27 11:24
c3755534-c8a3-4616-ad4f-f960cd0aa946,RQU-2H61,2026-08-27 11:24,A 24-28/08,correto,8 indeterminado,12,11,10,True,8,34162.5,True,1.6,1047,7043.7,7043.7,7023.6,,,,,7085.3,7043.7,34162.5,34121.0,True,0,2026-08-27 11:26
c6ea7794-f25f-43b1-909b-d327c4afb3ac,RQU-1B50,2026-08-27 11:37,A 24-28/08,falso,9 sem disparo afastando_geral (outra origem),0,0,13,True,0,14289.5,True,-1.6,532,,444.1,426.4,228560,14.1,False,True,,,,,,0,2026-08-27 11:42
27b39465-8707-4224-b728-909a17ca162b,RQU-6E83,2026-08-27 11:40,A 24-28/08,correto,"3 rota indireta: vai a cliente da lista (reta diminui, rua sobe)",21,21,20,True,30,61727.5,False,,,,,,,,,,13165.3,12594.3,61727.5,62378.8,False,0,2026-08-27 11:37
8cb36cb2-83c2-49f8-b3da-e8d8e9c0e72d,RQV-7H50,2026-08-27 11:44,A 24-28/08,correto,8 indeterminado,9,8,4,True,9,36404.6,True,1.0,619,5342.7,7260.3,556.3,,,,,5437.1,5342.7,36404.6,36356.9,True,0,2026-08-27 11:43
c6c087ae-c029-4f54-af3f-3076cccd537c,RQU-6G55,2026-08-27 11:54,A 24-28/08,correto,6 para no cliente da lista (<=150m),12,11,7,True,17,34411.6,True,15.1,240,67.9,67.9,1054.7,,,,,1150.4,1058.8,34411.6,34665.1,True,0,2026-08-27 11:55
06d3c329-535f-4a85-8fed-31804be3bb56,TTH-6G37,2026-08-27 12:34,A 24-28/08,correto,"3 rota indireta: vai a cliente da lista (reta diminui, rua sobe)",13,12,7,True,14,15460.4,True,3.8,521,193.1,193.1,0.0,625056,6.5,True,True,546.5,193.1,15460.4,15419.2,True,0,2026-08-27 12:37
11921eb2-759d-4cbf-b74f-dcf8e95e9085,RQU-9J17,2026-08-27 12:38,A 24-28/08,falso,3b visita cliente da lista logo depois (reta nao diminui),23,23,22,True,18,89987.5,True,11.0,1217,34.9,235.5,0.0,642863,13.4,True,True,380.3,152.2,89987.5,90103.9,True,0,2026-08-27 12:40
1519e495-5fe8-43d1-ac80-ed83d0d6592f,TOS-0G53,2026-08-27 12:51,A 24-28/08,correto,8 indeterminado,4,4,2,True,13,63977.2,False,,,,,,564584,56.7,True,True,17667.5,18064.1,63977.2,64907.5,True,0,2026-08-27 12:55
97f5e9fa-3025-4dc2-9cb1-df76ed5bac62,RQU-0B47,2026-08-27 13:04,A 24-28/08,correto,3b visita cliente da lista logo depois (reta nao diminui),10,10,8,True,7,80203.9,True,6.1,131,14.0,14.0,14.0,609462,15.7,True,True,663.3,848.3,80203.9,80029.9,True,0,2026-08-27 13:07
736adbfb-7e71-42be-97ba-ac66fdab715e,RBJ-2H28,2026-08-27 13:04,A 24-28/08,falso,2 para perto de cliente da lista mas coord. a 150-600m,8,7,13,True,0,26332.4,True,6.1,414,572.9,572.9,575.4,,,,,464.7,572.8,26332.4,26598.9,True,0,2026-08-27 13:08
a263220a-7846-4fdf-8fb5-f0f1f25bc3e0,RQU-2H61,2026-08-27 13:20,A 24-28/08,correto,3b visita cliente da lista logo depois (reta nao diminui),9,8,6,True,13,44229.9,False,,,,,,505284,44.3,True,True,1468.2,1446.9,44229.9,44154.7,True,0,2026-08-27 13:28
f3631062-963b-4c85-ae21-1608b8bf8c24,RQS-7H76,2026-08-27 13:42,A 24-28/08,falso,"3 rota indireta: vai a cliente da lista (reta diminui, rua sobe)",20,19,20,True,12,20852.4,True,22.2,257,221.1,221.1,427.6,576844,23.7,True,True,1783.4,1384.3,20852.4,20155.8,True,0,2026-08-27 13:46
24a55f89-d705-408e-b471-7498e1216c26,TTE-6D61,2026-08-27 13:54,A 24-28/08,correto,5 retorno a base,10,9,3,True,49,22420.8,True,5.0,496,2855.9,4792.5,2941.8,,,,,2881.8,2855.9,22420.8,21112.5,True,0,2026-08-27 13:53
711e5f0a-a372-42e0-82bc-d06900a8f326,TTL-2H39,2026-08-27 14:00,A 24-28/08,correto,8 indeterminado,19,18,14,True,42,7199.5,True,4.8,518,2952.2,2952.2,3148.5,,,,,1798.2,2952.2,7199.5,6326.4,True,0,2026-08-27 14:09
9708ebc7-1984-4f42-8074-d511d6694cd6,TOS-6H57,2026-08-27 14:06,A 24-28/08,falso,5 retorno a base,9,9,7,True,88,58107.7,False,,,,,,,,,,3225.4,15866.9,58107.7,45368.4,True,0,2026-08-27 14:08
22209de0-497e-4379-8284-7a40b901219e,RQV-6C22,2026-08-27 14:15,A 24-28/08,falso,5 retorno a base,13,13,5,True,88,124922.9,False,,,,,,,,,,2702.9,14928.1,124922.9,117062.2,True,0,2026-08-27 14:19
dcd6611a-0f24-4183-b20f-4e86c81ae088,RBG-5G18,2026-08-27 14:22,A 24-28/08,falso,9 sem disparo afastando_geral (outra origem),0,0,11,True,0,128764.6,True,-1.4,854,,543.7,184.7,,,,,,,,,,0,2026-08-27 14:17
f7803846-b02c-407c-8179-b84d4db0c70f,RQV-9B26,2026-08-27 15:42,A 24-28/08,falso,5 retorno a base,10,10,6,True,80,118247.9,False,,,,,,,,,,9358.6,21754.7,118247.9,104920.0,True,0,2026-08-27 15:44
1b51cdfd-3df0-4686-9aca-613def6fb97b,RQM-0C38,2026-08-27 15:43,A 24-28/08,falso,5 retorno a base,6,6,3,True,42,58084.6,False,,,,,,,,,,14848.9,19087.4,58084.6,54120.6,True,0,2026-08-27 15:45
4e131cb2-7c23-4877-93e2-39cd79ca72ae,RQU-6G55,2026-08-27 15:50,A 24-28/08,correto,8 indeterminado,9,8,4,True,52,45272.0,False,,,,,,,,,,752.6,1956.8,45272.0,44978.2,True,0,2026-08-27 15:51
caafcbd9-9bd4-45c6-9584-5ca59366ba24,RBG-5G18,2026-08-27 15:58,A 24-28/08,falso,8 indeterminado,10,10,9,True,53,131042.9,True,7.1,439,4846.6,4846.6,839.1,,,,,1294.4,4845.6,131042.9,130373.0,True,0,2026-08-27 16:00
2d403e64-9d62-452e-9865-aa9093ec1d2a,RQU-9J17,2026-08-27 16:10,A 24-28/08,correto,3b visita cliente da lista logo depois (reta nao diminui),11,11,10,True,16,79370.3,True,1.1,295,1814.5,1814.5,3721.1,504228,28.4,True,True,1839.6,1693.0,79370.3,79512.6,True,0,2026-08-27 16:13
b3ea4e96-116b-4215-9d96-63289c030fdd,TTH-6H80,2026-08-28 06:20,A 24-28/08,falso,9 sem disparo afastando_geral (outra origem),0,0,42,True,0,13823.6,True,-1.9,2492,,683.8,619.8,,,,,,,,,,0,2026-08-28 07:45
b614a5e2-30b9-440c-89a4-a310f078b0f9,RQV-3G18,2026-08-28 07:25,A 24-28/08,falso,1b lista so base: pendentes existem mas >50km/filtrados,1,0,38,True,38,5503.6,True,4.2,127,7301.3,72771.9,72802.4,,,,,,,,,True,0,2026-08-28 07:27
ad9545b1-235b-49e2-8030-d429a841381b,TTJ-9I18,2026-08-28 07:27,A 24-28/08,falso,7 GPS ruidoso,1,0,22,True,88,37544.8,False,,,,,,,,,,,,,,True,1,2026-08-28 07:30
b5b0a438-1bd2-40cc-a12f-5b39fdc8e9f0,RQQ-1B52,2026-08-28 07:31,A 24-28/08,correto,1d para em ponto do ROMANEIO que nao esta na lista da Central,17,16,17,True,13,23097.2,True,3.5,500,5435.6,5435.6,37.2,959150,49.1,True,True,5337.0,5435.8,23097.2,22926.7,True,0,2026-08-28 07:37
6fb2e2b5-f0ba-41ea-a15a-f30f914556d5,RQV-9B26,2026-08-28 07:51,A 24-28/08,correto,3b visita cliente da lista logo depois (reta nao diminui),25,25,25,True,18,107583.2,True,5.5,148,2431.8,2431.8,2431.8,616196,26.0,True,True,1293.8,2439.6,107583.2,108599.4,True,0,2026-08-28 07:54
abd52815-f8fe-471c-959b-1455512bc9cd,RQM-0C38,2026-08-28 08:40,A 24-28/08,correto,1d para em ponto do ROMANEIO que nao esta na lista da Central,34,34,34,True,17,99104.7,True,4.3,590,823.4,823.4,172.4,,,,,854.1,823.2,99104.7,99231.5,True,0,2026-08-28 08:44
52f08332-b6b9-4263-816e-b9ec22028bbe,RQV-6C22,2026-08-28 08:46,A 24-28/08,correto,"3 rota indireta: vai a cliente da lista (reta diminui, rua sobe)",26,26,24,True,11,137833.3,True,1.9,165,1108.2,1309.1,40.7,589273,-4.6,True,False,976.1,558.1,137833.3,137861.1,True,0,2026-08-28 08:49
f395ea7a-eed4-4a3e-879e-5384118c72d2,TOS-0H81,2026-08-28 08:54,A 24-28/08,correto,"3 rota indireta: vai a cliente da lista (reta diminui, rua sobe)",38,38,37,True,24,79421.4,True,2.9,189,829.3,829.3,780.2,473934,14.3,True,True,799.9,67.7,79421.4,79164.3,True,0,2026-08-28 08:57
f2c1f682-e8c9-4b42-994f-cc2ab56ccb1c,RQT-0J15,2026-08-28 09:32,A 24-28/08,correto,8 indeterminado,18,18,19,True,73,60531.5,False,,,,,,,,,,4221.9,4151.9,60531.5,60475.3,True,0,2026-08-28 09:35
8b13b6f9-a6f0-47b3-9335-25da2a01c598,RQV-9B26,2026-08-28 09:56,A 24-28/08,correto,5 retorno a base,18,18,17,True,10,119443.3,False,,,,,,,,,,1473.5,4096.4,119443.3,117529.9,True,0,2026-08-28 10:08
1b2cfef6-de5b-4c60-a08c-102a3bc8223c,RQV-9D97,2026-08-28 10:28,A 24-28/08,falso,"3 rota indireta: vai a cliente da lista (reta diminui, rua sobe)",28,28,27,True,18,129532.7,True,6.4,228,28.0,28.0,28.0,569825,19.0,True,True,1176.3,28.0,129532.7,128494.8,True,0,2026-08-28 10:30
50386a22-c2b4-4ad5-858f-ceebd53af384,TTJ-9I18,2026-08-28 10:34,A 24-28/08,correto,1d para em ponto do ROMANEIO que nao esta na lista da Central,17,17,17,True,19,106706.6,True,0.9,415,1358.3,4.7,4.7,,,,,1292.6,1200.5,106706.6,106518.3,True,0,2026-08-28 10:40
276675f3-4bcd-446a-965b-78d6665054c4,RQV-9E67,2026-08-28 10:35,A 24-28/08,correto,3b visita cliente da lista logo depois (reta nao diminui),25,25,25,True,44,100165.6,True,5.8,337,1621.6,1621.6,1621.6,415779,26.9,True,True,1484.7,1621.6,100165.6,100163.1,True,0,2026-08-28 10:41
93df16da-005e-44c6-ba14-9e6a61f6a8d4,RQV-6C22,2026-08-28 11:21,A 24-28/08,correto,5 retorno a base,22,22,14,True,6,133730.7,True,8.9,168,1009.2,1009.2,1123.1,799489,21.8,True,True,1353.0,1009.9,133730.7,131954.3,True,0,2026-08-28 11:33
0237a89a-c5f2-42f6-bd6f-b3dabe8e798e,RQV-3J99,2026-08-28 11:36,A 24-28/08,correto,1d para em ponto do ROMANEIO que nao esta na lista da Central,10,10,11,True,48,121461.3,True,3.5,198,21413.6,21413.6,291.3,,,,,21012.7,21261.0,121461.3,121676.1,True,0,2026-08-28 11:39
ec3a42c2-a3ad-4309-a7d0-a655cdf5c503,RQS-7H76,2026-08-28 11:42,A 24-28/08,falso,"3 rota indireta: vai a cliente da lista (reta diminui, rua sobe)",17,16,13,True,9,24612.4,True,2.6,200,2360.8,2360.8,2360.8,556216,28.7,True,True,1134.5,555.0,24612.4,24450.5,True,0,2026-08-28 11:47
7dc06df8-723f-4a47-89d9-d5f50118d465,RQP-2G33,2026-08-28 11:56,A 24-28/08,correto,5 retorno a base,5,5,5,True,58,96176.2,False,,,,,,,,,,1219.7,10011.8,96176.2,85042.3,True,0,2026-08-28 12:01
a5caeb72-a030-4bc7-b432-9b8dca09636d,TOS-6H57,2026-08-28 11:58,A 24-28/08,falso,5 retorno a base,10,9,3,True,88,48169.6,False,,,,,,,,,,19482.9,32653.8,48169.6,35036.7,False,0,2026-08-28 12:01
cefbf1b7-44d2-45e6-a43a-69ee3eac1063,RQP-2G33,2026-08-28 12:34,A 24-28/08,falso,5 retorno a base,5,5,5,True,87,58981.9,False,,,,,,,,,,35143.6,46053.9,58981.9,45918.0,True,0,2026-08-28 12:36
609a103b-2a1b-4317-97b7-7ce6ef17e6af,TTH-6G37,2026-08-28 12:35,A 24-28/08,falso,3b visita cliente da lista logo depois (reta nao diminui),11,10,6,True,17,15451.2,True,2.7,247,184.3,184.3,4.2,625056,4.8,True,True,545.0,543.1,15451.2,15434.7,True,0,2026-08-28 12:38
7167e849-10a5-4e59-b67e-2c4f97adb3ec,RQU-4B93,2026-08-28 13:49,A 24-28/08,falso,5 retorno a base,6,6,4,True,50,128884.7,False,,,,,,,,,,18763.9,28136.3,128884.7,121903.3,True,0,2026-08-28 13:52
1aa82c3d-a3e6-456d-a0f4-2cac03ab5f16,RQU-2H61,2026-08-28 14:03,A 24-28/08,correto,8 indeterminado,11,10,8,True,46,40802.5,True,5.8,1238,5815.3,5815.3,2227.4,,,,,5069.9,5815.3,40802.5,41856.6,True,0,2026-08-28 14:05
2ed0e52b-0577-4d09-bad5-1ea620dc6dc4,RQV-6C22,2026-08-28 14:23,A 24-28/08,falso,5 retorno a base,14,14,5,True,31,129169.0,True,6.9,120,7385.6,8357.7,7624.5,,,,,4865.8,7431.9,129169.0,126024.1,True,0,2026-08-28 14:37
3264f5f7-6c92-4d5c-80f0-3cd3c1644472,TTM-2G01,2026-08-28 14:38,A 24-28/08,falso,5 retorno a base,3,3,2,True,86,80579.2,False,,,,,,,,,,7457.9,18551.4,80579.2,69225.6,True,0,2026-08-28 14:39
cb4fbded-374a-43a2-a72f-599d913e9664,TTJ-9I18,2026-08-28 15:01,A 24-28/08,falso,5 retorno a base,6,6,4,True,69,90233.4,False,,,,,,,,,,2806.0,12411.8,90233.4,82679.8,True,0,2026-08-28 15:04
2de9f050-6daa-4127-af5e-3ba8de64b819,RQU-2H61,2026-08-28 15:09,A 24-28/08,correto,8 indeterminado,9,8,6,True,6,36332.3,True,1.0,316,1885.6,1885.6,1476.7,,,,,1912.6,1922.2,36332.3,36360.3,True,0,2026-08-28 15:11
355b3fa9-e166-4a68-905f-48d7d920be19,RQU-2E34,2026-08-28 15:27,A 24-28/08,falso,7 GPS ruidoso,7,7,2,True,41,105962.9,False,,,,,,,,,,,,,,True,1,2026-08-28 15:28
c99aae7f-fbc8-4833-b5a9-5565b0237edc,TTH-3C94,2026-08-28 15:34,A 24-28/08,correto,3b visita cliente da lista logo depois (reta nao diminui),14,13,11,True,22,47706.2,True,20.1,232,19.0,19.0,19.0,968783,39.2,True,True,4520.1,5665.6,47706.2,47776.5,True,0,2026-08-28 15:40
a7f63759-db40-4fcc-9bac-5f833a125624,TOS-0H81,2026-08-28 15:37,A 24-28/08,falso,5 retorno a base,16,16,11,True,86,69797.7,False,,,,,,,,,,7002.2,16958.2,69797.7,61301.0,True,0,2026-08-28 15:39
83edeb6f-27ca-42ca-b0a8-4f9378982be5,RQU-0B47,2026-08-28 16:13,A 24-28/08,falso,5 retorno a base,7,7,5,True,16,56622.3,False,,,,,,,,,,11761.6,15759.3,56622.3,52639.7,True,0,2026-08-28 16:16
0d70983f-926a-4241-9048-8e4558788f24,TOS-4G92,2026-08-28 16:13,A 24-28/08,correto,8 indeterminado,18,17,2,True,18,22884.3,True,1.6,188,2634.7,7054.4,667.3,,,,,2389.2,2629.5,22884.3,23120.3,True,0,2026-08-28 16:17
1b855d1e-5f77-44e9-9e6d-40b24022e542,TOS-0G94,2026-08-29 07:27,B 29/08-13/09,falso,2 para perto de cliente da lista mas coord. a 150-600m,26,25,26,True,25,19352.4,True,0.8,359,467.2,281.4,26.4,,,,,451.1,669.4,19352.4,20345.9,True,0,2026-08-29 07:41
031a2918-6c26-4730-95a6-bb6ed8c164d9,RQV-3G18,2026-08-29 07:30,B 29/08-13/09,falso,1a lista vazia: Unitrac sem pendentes (so base),1,0,0,False,0,21969.4,True,-1.7,302,21969.3,,,,,,,,,,,True,0,2026-08-29 07:37
4b18b474-3e8a-4d8d-949c-92cc5581c65b,RQV-6I51,2026-08-29 07:30,B 29/08-13/09,falso,8 indeterminado,8,8,25,True,70,51277.2,False,,,,,,,,,,48240.6,48240.6,51277.2,51277.2,False,0,2026-08-29 07:39
06ca8aff-a6cc-4aea-9bb5-3a8b1b617019,TTP-0H36,2026-08-29 07:50,B 29/08-13/09,falso,9 sem disparo afastando_geral (outra origem),0,0,36,True,0,19450.9,True,-1.1,1148,,25.1,25.2,,,,,,,,,,0,2026-08-29 07:57
7b1cee06-0d9b-4c1c-b257-3871be06b45b,TUG-9D18,2026-08-29 07:54,B 29/08-13/09,falso,4 saida de base/patio,2,1,1,True,0,1472.0,True,-1.6,145,1465.0,9507.6,9665.8,,,,,9507.6,5096.7,1472.0,4767.6,True,0,2026-08-29 08:05
5a44f315-7ad3-49f7-861b-262ca9f4b9c9,RBJ-7H78,2026-08-29 10:27,B 29/08-13/09,correto,2 para perto de cliente da lista mas coord. a 150-600m,20,19,19,True,8,31100.8,True,6.5,232,575.2,575.2,712.7,,,,,732.7,575.2,31100.8,30730.5,True,0,2026-08-29 10:36
3845925d-aaf8-4838-8dab-d607b49fbf13,RBI-1E10,2026-08-29 11:44,B 29/08-13/09,falso,9 sem disparo afastando_geral (outra origem),0,0,24,True,61,22712.5,True,12.4,212,,104.1,3.2,,,,,,,,,,0,2026-08-29 11:44
4465873d-6e22-4e3e-b687-6e3862a9a0ec,TTI-6E49,2026-08-31 06:19,B 29/08-13/09,falso,1a lista vazia: Unitrac sem pendentes (so base),1,0,0,False,15,9663.6,True,14.2,1290,10700.6,,57.1,,,,,,,,,True,0,2026-08-31 06:27
b1fd864c-eaf5-443d-ba33-8872f53b8586,RQP-4A68,2026-08-31 06:19,B 29/08-13/09,falso,1b lista so base: pendentes existem mas >50km/filtrados,1,0,31,True,76,4596.6,False,,,,,,,,,,,,,,True,0,2026-08-31 06:28
e083b5bd-b7c1-4c76-b1ba-5b753d035d45,TTK-8A87,2026-08-31 06:22,B 29/08-13/09,falso,1a lista vazia: Unitrac sem pendentes (so base),1,0,0,False,25,9150.4,True,3.7,2169,9596.3,,58.1,,,,,,,,,True,0,2026-08-31 06:29
eb0ffe08-f99e-4bfd-b05a-00ed5743ec8c,TTY-1A57,2026-08-31 06:26,B 29/08-13/09,falso,1b lista so base: pendentes existem mas >50km/filtrados,1,0,21,True,48,1310.7,False,,,,,,,,,,,,,,True,0,2026-08-31 06:30
d47c9e77-f739-459b-a7c8-e2bac7c5f187,RQV-9E67,2026-08-31 07:08,B 29/08-13/09,falso,1b lista so base: pendentes existem mas >50km/filtrados,1,0,25,True,70,33266.3,False,,,,,,,,,,,,,,True,0,2026-08-31 07:12
182a60c6-9932-46bb-bc15-b48f116b8743,RQQ-1B52,2026-08-31 07:31,B 29/08-13/09,falso,1b lista so base: pendentes existem mas >50km/filtrados,1,0,23,True,88,22907.4,False,,,,,,,,,,,,,,True,0,2026-08-31 07:36
ab299316-e5d0-46f8-b512-fd33b3fcc938,RQU-6G55,2026-08-31 08:06,B 29/08-13/09,falso,"3 rota indireta: vai a cliente da lista (reta diminui, rua sobe)",28,27,27,True,17,31885.5,True,6.8,392,21.7,21.7,21.7,611405,8.9,True,True,2352.4,21.7,31885.5,33923.4,True,0,2026-08-31 08:14
e30281ec-7c17-418e-9a4d-8169f25c6b2d,TOS-4J82,2026-08-31 08:28,B 29/08-13/09,correto,3b visita cliente da lista logo depois (reta nao diminui),17,17,17,True,12,94886.0,True,1.8,152,4342.1,4342.1,1.7,516093,31.8,True,True,4200.2,3994.7,94886.0,96981.5,True,0,2026-08-31 08:29
ce9d9561-49fb-49bf-994e-ec1eac191670,TOS-0G53,2026-08-31 08:49,B 29/08-13/09,falso,8 indeterminado,15,14,20,True,42,45949.2,True,1.4,1283,619.9,1994.0,624.4,,,,,793.5,619.9,45949.2,45767.6,True,0,2026-08-31 08:51
d7fd962a-242e-4d84-a34c-64089c07ffe7,RBJ-2J67,2026-08-31 09:01,B 29/08-13/09,falso,7 GPS ruidoso,1,1,1,True,28,92683.1,True,5.5,2062,2532.5,2532.5,2532.5,,,,,,,,,True,1,2026-08-31 09:04
d85c74c8-8f20-4845-8edb-8b7401f74120,RQV-7H50,2026-08-31 09:31,B 29/08-13/09,correto,8 indeterminado,9,8,7,True,16,35850.5,True,1.3,419,5155.5,5155.5,5155.5,,,,,4926.2,4917.7,35850.5,35840.7,True,0,2026-08-31 09:33
296e323b-cc88-4711-83ef-9b9f475e4732,TTL-2H39,2026-08-31 09:37,B 29/08-13/09,correto,8 indeterminado,18,17,16,True,24,2560.3,True,1.4,229,1845.7,1845.7,4067.6,,,,,2162.8,1836.1,2560.3,2689.8,True,0,2026-08-31 09:40
afa08403-871f-48b5-bc0f-6c1ee6adcefb,RQV-9B26,2026-08-31 09:37,B 29/08-13/09,falso,8 indeterminado,18,18,15,True,17,129132.1,True,1.3,1391,848.3,8012.8,463.6,,,,,708.1,848.3,129132.1,128877.4,True,0,2026-08-31 09:39
6ccc5b74-6558-47b2-a386-987ee2542b1c,RBF-5G63,2026-08-31 10:48,B 29/08-13/09,falso,9 sem disparo afastando_geral (outra origem),0,0,8,True,0,125435.0,True,-1.6,750,,1160.0,35.6,585123,20.3,False,True,,,,,,0,2026-08-31 10:50
4984027d-8910-4ea6-baf9-9a1f3a797ba8,TOS-3C21,2026-08-31 10:49,B 29/08-13/09,falso,5 retorno a base,10,10,9,True,20,104986.5,True,10.7,128,7.3,7.3,7.3,,,,,3887.2,189.0,104986.5,101290.5,True,0,2026-08-31 10:51
26bc84a9-8050-40e5-af01-9da2c16368bf,TTM-7C13,2026-08-31 11:07,B 29/08-13/09,correto,8 indeterminado,10,9,6,True,11,13348.8,True,7.5,1827,3963.6,3963.6,3549.1,,,,,3980.1,3963.9,13348.8,15827.5,True,0,2026-08-31 11:12
0aedb65b-1c4f-456d-bfff-d27ddd8474bc,TOS-0H81,2026-08-31 11:24,B 29/08-13/09,falso,5 retorno a base,8,8,4,True,32,78029.3,False,,,,,,,,,,1953.3,6851.9,78029.3,69649.5,True,0,2026-08-31 11:26
d5d6a3f5-0a79-4f9c-bd46-13f8f0eea9ad,RQU-1B50,2026-08-31 11:53,B 29/08-13/09,falso,8 indeterminado,13,12,5,True,36,15634.6,True,12.4,153,2165.9,2165.9,2165.9,,,,,1348.7,2146.9,15634.6,16027.7,True,0,2026-08-31 11:55
01298d13-1275-49ea-901c-42bb3d7e72bc,TTY-1A57,2026-08-31 12:29,B 29/08-13/09,correto,8 indeterminado,10,10,6,True,35,94874.8,True,8.8,164,3043.1,3043.1,3043.1,,,,,1503.1,3043.1,94874.8,97915.0,True,0,2026-08-31 12:34
5911e081-766e-45c9-96c9-85506954d244,RQV-6I51,2026-08-31 12:44,B 29/08-13/09,correto,5 retorno a base,12,11,9,True,13,11803.2,True,16.4,836,1193.1,2339.1,149.3,,,,,3946.7,1628.3,11803.2,9690.0,True,0,2026-08-31 12:46
98e2c4c5-933f-48ba-a14c-fa29500681aa,TTK-4D17,2026-08-31 13:14,B 29/08-13/09,correto,3b visita cliente da lista logo depois (reta nao diminui),15,14,3,True,26,11363.4,True,1.4,440,451.3,451.3,24.8,457432,2.7,True,True,468.4,466.9,11363.4,11732.9,True,0,2026-08-31 13:21
e48ce404-72f1-45c5-9b41-3adebbd4a6aa,RQV-9B26,2026-08-31 14:01,B 29/08-13/09,falso,5 retorno a base,3,3,2,True,88,78995.0,False,,,,,,,,,,23593.3,35655.6,78995.0,69842.6,True,0,2026-08-31 14:05
f624836d-e2b1-423f-997f-a80e6c0f364e,RQQ-1B52,2026-08-31 14:29,B 29/08-13/09,correto,1d para em ponto do ROMANEIO que nao esta na lista da Central,12,12,11,True,22,137854.4,True,2.8,270,1895.6,2669.8,19.6,,,,,1890.3,1922.4,137854.4,138112.7,True,0,2026-08-31 14:31
3dd34840-fd88-4d4d-9e44-8a5392d88053,TOS-3C21,2026-08-31 14:44,B 29/08-13/09,falso,5 retorno a base,2,2,0,False,54,60535.8,False,,,,,,,,,,17642.7,21616.4,60535.8,56650.4,True,0,2026-08-31 14:48
7a45f01d-7d56-467d-b6c8-ffef21a8955c,RQV-0E64,2026-08-31 14:50,B 29/08-13/09,falso,7 GPS ruidoso,8,8,1,True,52,80468.3,False,,,,,,,,,,,,,,True,2,2026-08-31 14:51
6732fa1f-14f1-4662-8991-889f81ce555e,RQV-9E67,2026-08-31 15:21,B 29/08-13/09,correto,3b visita cliente da lista logo depois (reta nao diminui),13,13,9,True,9,111548.1,True,6.2,995,973.7,1283.3,36.0,565243,29.8,True,True,1065.4,973.6,111548.1,111721.8,True,0,2026-08-31 15:23
c4d944a2-ce9a-41cd-8ffc-431dbe6839d2,RQP-2G33,2026-08-31 15:22,B 29/08-13/09,correto,6 para no cliente da lista (<=150m),14,14,8,True,35,101112.2,True,18.4,141,9.1,9.1,1790.8,,,,,401.3,5179.5,101112.2,105777.8,True,0,2026-08-31 15:24
a984fc0d-f280-484f-a465-f4c3fd4a7449,RQV-9E67,2026-09-01 06:28,B 29/08-13/09,falso,1b lista so base: pendentes existem mas >50km/filtrados,1,0,32,True,75,20548.9,False,,,,,,,,,,,,,,True,0,2026-09-01 06:37
71f68d96-bd5e-43cd-a843-df6a90502afb,RQV-4F38,2026-09-01 06:30,B 29/08-13/09,falso,1b lista so base: pendentes existem mas >50km/filtrados,1,0,36,True,67,31912.4,False,,,,,,,,,,,,,,True,0,2026-09-01 06:32
8a2a8154-f607-453f-b259-6a04c29a87ec,RBG-2D21,2026-09-01 06:32,B 29/08-13/09,falso,8 indeterminado,3,2,35,True,87,27965.0,True,24.9,603,45796.4,45796.4,47805.5,,,,,18034.4,31427.1,27965.0,41506.6,True,0,2026-09-01 06:39
575d1e43-15e2-4681-8ec1-69f3298b3a7c,TUO-1D10,2026-09-01 06:36,B 29/08-13/09,falso,9 sem disparo afastando_geral (outra origem),0,0,24,True,0,18837.2,True,-1.6,2486,,1509.2,38.4,,,,,,,,,,0,2026-09-01 06:40
00cd5b60-d03f-4f54-bac0-9a182333cfb3,RBJ-2J67,2026-09-01 07:53,B 29/08-13/09,falso,1b lista so base: pendentes existem mas >50km/filtrados,1,0,23,True,21,3867.3,False,,,,,,,,,,,,,,True,0,2026-09-01 08:14
e6458251-fce6-4ec1-9cda-8561654a4e27,RQV-6I51,2026-09-01 07:54,B 29/08-13/09,falso,1b lista so base: pendentes existem mas >50km/filtrados,1,0,21,True,85,4655.5,False,,,,,,,,,,,,,,True,0,2026-09-01 08:11
4e0dc924-de7a-4af6-b241-fec981f2ce7f,RQV-6C22,2026-09-01 08:02,B 29/08-13/09,falso,8 indeterminado,30,30,30,True,7,125811.2,True,1.4,206,6148.3,6148.3,653.1,647180,48.8,True,True,6149.9,6301.2,125811.2,125716.3,True,0,2026-09-01 08:16
9b80dae9-ecaf-44ab-a732-bffe7977a140,RQU-3B36,2026-09-01 09:35,B 29/08-13/09,falso,9 sem disparo afastando_geral (outra origem),0,0,23,True,0,66145.9,True,3.2,431,,7166.0,13.7,,,,,,,,,,0,2026-09-01 09:37
1692e15e-4b4b-49b3-9e72-19c319d30ad5,TUO-1D10,2026-09-01 09:55,B 29/08-13/09,falso,9 sem disparo afastando_geral (outra origem),0,0,16,True,0,23862.1,True,-1.7,2488,,1297.6,24.2,,,,,,,,,,0,2026-09-01 10:01
54f11294-96ab-4fdc-b02b-c0183b839e08,RQV-6C22,2026-09-01 09:58,B 29/08-13/09,correto,"3 rota indireta: vai a cliente da lista (reta diminui, rua sobe)",26,26,23,True,34,137822.6,True,11.3,338,48.4,48.4,48.4,647504,22.6,True,True,907.1,65.8,137822.6,137984.4,True,0,2026-09-01 10:00
3cfab6f4-4603-4e78-a44b-b63e059c5985,RQU-6G55,2026-09-01 11:02,B 29/08-13/09,correto,9 sem disparo afastando_geral (outra origem),0,0,9,True,0,35610.4,True,-1.9,1754,,563.7,43.4,610078,30.8,False,True,,,,,,0,2026-09-01 10:59
6acec91f-e2db-4fe8-97ee-369aaf8d68f1,RBI-0J25,2026-09-01 14:41,B 29/08-13/09,falso,1d para em ponto do ROMANEIO que nao esta na lista da Central,10,10,4,True,15,73036.6,True,6.3,213,710.2,2518.6,26.6,,,,,1162.5,710.2,73036.6,72666.6,True,0,2026-09-01 14:52
357743cc-e558-4a70-9086-2dcb4d05b685,RQQ-5B81,2026-09-03 07:23,B 29/08-13/09,correto,"3 rota indireta: vai a cliente da lista (reta diminui, rua sobe)",23,23,23,True,6,84551.5,True,0.8,291,5650.3,5650.3,2.3,514999,16.8,True,True,5644.5,4382.4,84551.5,85751.8,True,0,2026-09-03 07:32
f0e93fdb-ac90-4b65-88e3-92eba56e1f6c,TUM-1C79,2026-09-03 08:58,B 29/08-13/09,falso,1a lista vazia: Unitrac sem pendentes (so base),1,0,0,False,14,19782.9,True,16.7,609,19406.5,,28.5,,,,,,,,,True,0,2026-09-03 09:01
9cdbac46-4622-4800-8c50-44271393c881,RQV-4F38,2026-09-03 08:59,B 29/08-13/09,correto,"3 rota indireta: vai a cliente da lista (reta diminui, rua sobe)",28,28,28,True,32,111810.4,True,25.8,285,31.8,31.8,6.7,554660,27.3,True,True,1258.9,928.9,111810.4,112055.5,True,0,2026-09-03 09:01
3dd42a91-190f-4452-8196-1e664f0ba389,TOS-4J82,2026-09-03 09:35,B 29/08-13/09,correto,1d para em ponto do ROMANEIO que nao esta na lista da Central,15,15,15,True,16,94894.4,True,1.6,193,1306.7,4344.8,0.7,,,,,1167.8,2906.2,94894.4,96632.0,True,0,2026-09-03 09:37
3e75e193-8284-49cd-850d-9a0d304f72ff,TTI-6E43,2026-09-03 10:24,B 29/08-13/09,falso,5 retorno a base,2,2,0,False,50,65273.6,True,26.0,296,19195.6,,19142.7,,,,,4326.4,11202.0,65273.6,62529.8,True,0,2026-09-03 10:27
63888507-e114-4344-9489-0084c493c2da,TOS-4J82,2026-09-03 10:31,B 29/08-13/09,correto,8 indeterminado,13,13,13,True,34,99717.0,True,25.4,370,15953.3,18911.1,9944.2,,,,,6998.1,10785.9,99717.0,103033.9,True,0,2026-09-03 10:33
982bb31a-3f4d-4c3e-8490-8694fd0c0e6f,RBG-5G18,2026-09-03 10:50,B 29/08-13/09,correto,3b visita cliente da lista logo depois (reta nao diminui),20,20,14,True,31,126746.7,True,5.4,206,2286.9,2286.9,2300.3,596435,20.3,True,True,1403.5,2300.1,126746.7,127457.6,True,0,2026-09-03 10:52
c9db7e3b-f945-46ae-b94e-25d160cc4be6,TTM-2G01,2026-09-03 11:11,B 29/08-13/09,falso,8 indeterminado,19,18,17,True,6,3458.7,True,1.3,175,1941.8,2183.3,876.9,525844,45.4,True,True,1942.5,1931.7,3458.7,3463.7,True,0,2026-09-03 11:16
18bae0e0-eeca-4ac2-819e-20c1bbd1f26b,TTK-4D17,2026-09-03 11:45,B 29/08-13/09,falso,5 retorno a base,27,26,9,True,26,17140.6,True,11.9,387,1760.0,1987.1,1405.5,53798,26.4,True,True,5735.6,2481.8,17140.6,14718.9,True,0,2026-09-03 11:47
63e0249d-60d9-4b35-953b-9c24f0239f61,TTH-6G37,2026-09-03 12:03,B 29/08-13/09,correto,8 indeterminado,11,10,3,True,21,16372.5,True,1.5,740,1652.3,2687.4,931.2,,,,,1751.7,1652.3,16372.5,16276.5,True,0,2026-09-03 12:07
ec72f392-934b-45aa-911a-c8feb69426c5,RBG-2D21,2026-09-03 12:09,B 29/08-13/09,correto,5 retorno a base,20,20,21,True,21,105566.7,True,5.8,300,2384.8,2384.8,2327.9,586366,23.8,True,True,568.2,2384.8,105566.7,103621.0,True,0,2026-09-03 12:10
e90f1143-6ff4-4b30-b5ba-1466ac8ef4eb,RQV-9E67,2026-09-03 13:46,B 29/08-13/09,correto,3b visita cliente da lista logo depois (reta nao diminui),25,25,15,True,49,100465.7,True,4.7,241,1806.7,2753.4,1621.1,523225,-4.8,True,False,984.7,1725.2,100465.7,100207.2,True,0,2026-09-03 13:48
dde4912d-9110-451b-8c91-a52d092fcb00,RQV-6C22,2026-09-03 13:47,B 29/08-13/09,correto,5 retorno a base,13,13,5,True,14,125841.3,True,1.3,148,455.2,455.2,660.3,,,,,390.9,2344.5,125841.3,124218.7,True,0,2026-09-03 13:49
0dc8ee63-767a-4d47-a716-c0652d482409,RQU-2H61,2026-09-03 13:53,B 29/08-13/09,correto,8 indeterminado,23,22,19,True,12,43113.0,True,1.8,346,1016.7,1016.7,1016.7,,,,,1078.8,1236.0,43113.0,43059.5,True,0,2026-09-03 13:55
685a27a2-9b3c-4713-8e93-9a757a25cd22,RQV-6C22,2026-09-03 14:06,B 29/08-13/09,falso,5 retorno a base,12,12,4,True,88,116035.6,False,,,,,,,,,,17732.8,28633.0,116035.6,104837.2,True,0,2026-09-03 14:11
77e7f912-87ed-4986-83ea-a12190d86efe,RQV-9B26,2026-09-03 14:07,B 29/08-13/09,falso,5 retorno a base,2,2,4,True,68,68230.4,False,,,,,,,,,,42613.5,53484.2,68230.4,56119.6,True,0,2026-09-03 14:10
7b97c0f5-ebe6-4ec3-a534-4296941042f7,RQQ-1B52,2026-09-03 15:20,B 29/08-13/09,falso,5 retorno a base,1,1,0,False,88,61911.7,False,,,,,,,,,,43938.8,54203.1,61911.7,48588.8,True,0,2026-09-03 15:24
0e903346-f967-4c39-9dac-506afe451db4,RQU-0B47,2026-09-03 15:40,B 29/08-13/09,falso,5 retorno a base,7,7,3,True,41,53102.6,False,,,,,,,,,,8870.7,9958.0,53102.6,50409.0,True,0,2026-09-03 15:42
d5449e78-f0d9-49f7-9b47-ed5fc68b0415,TTE-6D61,2026-09-03 16:19,B 29/08-13/09,falso,5 retorno a base,8,8,6,True,43,53523.9,False,,,,,,,,,,21640.6,18200.0,53523.9,49589.7,True,0,2026-09-03 16:22
aae63977-cc3a-4050-a25d-6b31e44fb9d8,RQU-0B47,2026-09-03 16:22,B 29/08-13/09,falso,5 retorno a base,5,5,3,True,36,50369.3,True,2.3,156,16124.6,16124.6,12359.6,,,,,14930.4,18476.7,50369.3,47795.9,True,0,2026-09-03 16:18
9d4b97cd-1f56-41ae-abe9-f0aab275d04d,RQP-2G33,2026-09-03 16:55,B 29/08-13/09,correto,"3 rota indireta: vai a cliente da lista (reta diminui, rua sobe)",8,8,3,True,20,76859.6,True,1.3,248,1046.0,13324.0,1046.0,,,,,997.1,58.8,76859.6,75957.0,True,0,2026-09-03 16:57
1dc84b02-6194-4106-86aa-b51fab37dcac,TTI-6E49,2026-09-04 11:02,B 29/08-13/09,falso,8 indeterminado,2,1,1,True,29,27404.4,True,7.5,1892,2543.2,2543.2,,882101,55.7,True,True,398.0,2549.8,27404.4,28562.8,True,0,2026-09-04 11:16
d81609d4-8f87-49c1-b379-c0b290d3d668,TTK-8A87,2026-09-04 11:12,B 29/08-13/09,falso,1a lista vazia: Unitrac sem pendentes (so base),1,0,0,False,26,19190.2,True,4.1,2150,19468.7,,,,,,,,,,,True,0,2026-09-04 11:15
1156bf47-8090-4807-b53d-7280500f05d6,RQV-6C75,2026-09-04 11:22,B 29/08-13/09,falso,8 indeterminado,20,20,17,True,29,94608.4,True,9.2,773,4255.9,5385.0,518.9,,,,,2633.4,4255.9,94608.4,93939.1,True,0,2026-09-04 11:29
1e63f034-4d46-46be-b622-93cafdda1afd,TTD-7H14,2026-09-04 11:40,B 29/08-13/09,falso,1a lista vazia: Unitrac sem pendentes (so base),1,0,0,False,28,17653.6,True,3.6,2176,18483.5,,,,,,,,,,,True,0,2026-09-04 11:50
54f9f873-a9ee-44a3-bc7b-83d76e881ca1,TUM-1C79,2026-09-04 11:55,B 29/08-13/09,falso,1a lista vazia: Unitrac sem pendentes (so base),1,0,0,False,8,29697.2,True,2.0,690,29746.8,,,,,,,,,,,True,0,2026-09-04 11:58
a6a73bbb-ed17-45ec-a29c-5da1d0c04dab,RQV-6C75,2026-09-04 13:02,B 29/08-13/09,falso,3b visita cliente da lista logo depois (reta nao diminui),15,15,12,True,0,91169.1,True,25.4,437,384.8,859.2,194.6,538277,39.7,True,True,479.7,544.8,91169.1,91210.2,True,0,2026-09-04 13:07
c313656f-f271-42f4-8089-75a60833e294,TUI-0H19,2026-09-04 13:31,B 29/08-13/09,correto,8 indeterminado,3,2,1,True,12,20740.0,True,13.8,328,3775.6,9143.8,3265.2,,,,,1142.2,2748.1,20740.0,22277.8,True,0,2026-09-04 13:36
08a3c9b9-93bf-48c3-9c01-1e93865acad6,RBG-5G18,2026-09-04 14:51,B 29/08-13/09,correto,8 indeterminado,13,13,6,True,22,127986.2,True,5.6,1407,1947.0,2169.5,2020.5,,,,,517.0,1947.0,127986.2,129064.8,True,0,2026-09-04 15:04
5ce108ea-c882-47a2-9a74-16ef5a20e284,TOS-2B69,2026-09-04 14:57,B 29/08-13/09,falso,5 retorno a base,16,16,7,True,31,76951.9,True,18.2,188,32.3,32.3,32.3,611753,30.0,True,True,10657.4,2491.3,76951.9,68870.9,True,0,2026-09-04 15:05
1a07c325-4373-49f5-a736-5fac6707aa9f,RQU-9J17,2026-09-04 15:12,B 29/08-13/09,correto,1d para em ponto do ROMANEIO que nao esta na lista da Central,9,9,4,True,25,86588.2,True,1.4,626,829.2,2214.0,91.6,,,,,876.9,825.5,86588.2,86628.1,True,0,2026-09-04 15:20
0cd2d804-a8c9-4dab-9246-69f5fbc2d502,RQV-6C75,2026-09-04 15:21,B 29/08-13/09,falso,5 retorno a base,7,7,2,True,67,86200.5,False,,,,,,,,,,2861.0,6430.9,86200.5,82212.2,True,0,2026-09-04 15:23
4a45d623-789c-4750-9fdd-da87d12a012c,TTI-6E43,2026-09-05 08:56,B 29/08-13/09,falso,1a lista vazia: Unitrac sem pendentes (so base),1,0,0,False,20,32721.7,True,5.4,516,34378.5,,,,,,,,,,,True,0,2026-09-05 08:54
917dae7d-507e-42bc-afe9-f81f765bb3b2,TUS-1A47,2026-09-08 07:18,B 29/08-13/09,correto,1d para em ponto do ROMANEIO que nao esta na lista da Central,34,33,33,True,25,18307.0,True,4.8,721,2692.9,2692.9,246.3,,,,,2675.2,2692.1,18307.0,18099.9,True,0,2026-09-08 07:24
321607be-ce16-4aa3-a901-abbf2f506cbb,RQV-8A12,2026-09-08 07:51,B 29/08-13/09,falso,8 indeterminado,2,1,1,True,6,20198.5,True,1.4,262,7025.4,7025.4,1078.3,,,,,6860.6,6816.6,20198.5,19958.6,True,0,2026-09-08 07:59
a562fc89-73b0-4c9c-beb2-858144a040f8,RQU-6G55,2026-09-08 08:07,B 29/08-13/09,correto,"3 rota indireta: vai a cliente da lista (reta diminui, rua sobe)",39,37,35,True,13,31101.4,True,11.4,328,59.3,387.1,256.8,262484,13.4,True,True,508.1,29.2,31101.4,32371.3,True,0,2026-09-08 08:08
00b93ffc-a69d-43f5-b96d-bb5b0ee0d138,RQS-2F79,2026-09-08 08:07,B 29/08-13/09,correto,7 GPS ruidoso,24,22,21,True,13,49207.9,True,12.8,1591,221.7,644.6,180.4,822427,-3.0,True,False,,,,,True,1,2026-09-08 08:09
1886582c-a589-436f-94dd-cfd5ab50309a,TTH-6H80,2026-09-08 08:14,B 29/08-13/09,falso,3b visita cliente da lista logo depois (reta nao diminui),37,35,30,True,13,14305.1,True,2.0,775,886.7,1212.3,1178.4,874829,29.8,True,True,797.6,886.7,14305.1,14290.2,True,0,2026-09-08 08:16
23ec43b8-648d-43bc-b715-aaf0da8dca83,RQQ-1B52,2026-09-08 08:32,B 29/08-13/09,falso,6 para no cliente da lista (<=150m),28,27,27,True,10,125917.4,True,18.3,1283,3.2,3.2,0.4,,,,,1030.0,208.7,125917.4,126392.1,True,0,2026-09-08 08:34
ed73c92f-d623-498e-ac61-b1ba7b2842c6,RQV-9D97,2026-09-08 08:35,B 29/08-13/09,falso,3b visita cliente da lista logo depois (reta nao diminui),33,32,32,True,9,127777.0,True,8.7,1535,155.5,155.5,433.6,458837,11.3,True,True,344.9,157.4,127777.0,128176.5,True,0,2026-09-08 08:38
6eb67f09-11c4-44fa-9c97-85d2c0d830e2,TUS-1A47,2026-09-08 09:22,B 29/08-13/09,correto,5 retorno a base,29,27,27,True,21,15971.4,True,14.1,278,1394.2,1394.2,7.3,,,,,780.4,1392.5,15971.4,14312.8,True,0,2026-09-08 09:25
0a7ce902-db47-4dd0-9fad-102e49d2a582,RQU-0B47,2026-09-08 09:36,B 29/08-13/09,falso,6 para no cliente da lista (<=150m),7,6,6,True,10,68735.7,True,8.3,274,37.1,37.1,37.1,,,,,1990.8,37.1,68735.7,70141.1,True,0,2026-09-08 09:39
4dffc074-b751-4563-80e6-38fea711e250,RQV-6C22,2026-09-08 10:15,B 29/08-13/09,correto,3b visita cliente da lista logo depois (reta nao diminui),24,23,23,True,20,136019.5,True,2.1,146,1208.4,1208.4,703.1,589273,19.2,True,True,1300.4,1444.6,136019.5,136010.3,True,0,2026-09-08 10:18
ec8527c2-cab9-4766-81ac-8a40ee3c466e,TOS-1H26,2026-09-08 10:18,B 29/08-13/09,correto,3b visita cliente da lista logo depois (reta nao diminui),25,23,22,True,19,29136.5,True,13.9,140,492.7,492.7,0.0,602828,16.6,True,True,556.7,1173.0,29136.5,29173.3,True,0,2026-09-08 10:19
7fec05c1-833b-45a5-b357-4424f629bdb8,RQV-4F38,2026-09-08 10:40,B 29/08-13/09,correto,"3 rota indireta: vai a cliente da lista (reta diminui, rua sobe)",12,11,7,True,38,100111.8,True,0.6,190,714.5,714.5,714.5,,,,,519.8,10.5,100111.8,99587.7,True,0,2026-09-08 10:42
0a3620c1-c68e-42f2-9982-00daf5534377,RQQ-5B81,2026-09-08 10:47,B 29/08-13/09,correto,8 indeterminado,16,16,12,True,16,117727.4,True,3.2,786,1493.6,1493.6,999.6,518383,52.8,True,True,1300.1,1493.6,117727.4,117901.3,True,0,2026-09-08 10:49
4f5c7a98-0d0b-4353-a5af-44d64e434118,RQU-5G33,2026-09-08 11:12,B 29/08-13/09,correto,8 indeterminado,18,17,10,True,27,54251.3,False,,,,,,606728,46.2,True,True,1991.0,2034.0,54251.3,54142.9,True,0,2026-09-08 11:14
f527470f-01dc-4f90-88e2-6199d8dd7e22,TOS-3C21,2026-09-08 13:54,B 29/08-13/09,falso,5 retorno a base,6,5,3,True,89,55867.6,False,,,,,,,,,,32736.9,41261.1,55867.6,44138.8,True,0,2026-09-08 13:55
606ffb7a-8eeb-4c41-bf00-8bea8491e0a0,RQU-4B93,2026-09-08 14:01,B 29/08-13/09,falso,5 retorno a base,5,4,2,True,67,115204.5,False,,,,,,,,,,25005.7,34908.8,115204.5,103494.1,True,0,2026-09-08 15:38
b8989445-17b2-4a82-8b08-f2aeadf6fc36,TOS-2B69,2026-09-08 14:19,B 29/08-13/09,correto,"3 rota indireta: vai a cliente da lista (reta diminui, rua sobe)",13,12,7,True,10,65008.4,True,34.0,147,1423.7,1423.7,913.6,,,,,626.4,54.7,65008.4,65473.7,True,0,2026-09-08 14:23
296bd864-46ef-4b38-8880-97f81b7fa6a3,TUI-0H19,2026-09-08 14:36,B 29/08-13/09,correto,2 para perto de cliente da lista mas coord. a 150-600m,4,2,1,True,7,20730.0,True,30.4,121,278.3,1447.3,707.3,,,,,430.2,3020.1,20730.0,23140.1,True,0,2026-09-08 14:38
8bdee152-0ca6-46b7-b5dc-854605d0b5d4,RQU-6G55,2026-09-08 14:41,B 29/08-13/09,falso,8 indeterminado,13,11,4,True,22,30339.0,True,3.3,1293,1097.3,1097.3,1496.4,,,,,762.1,1096.0,30339.0,30190.9,True,0,2026-09-08 14:43
adee3664-0f04-4a02-a4f5-dfda80cb0bd1,RQV-9B26,2026-09-08 15:21,B 29/08-13/09,falso,1a lista vazia: Unitrac sem pendentes (so base),2,0,0,False,15,12553.6,False,,,,,,,,,,,,,,True,0,2026-09-08 15:24
1f38e3de-338e-43ed-8bf1-11302fbd58f6,RQS-2F79,2026-09-08 15:31,B 29/08-13/09,falso,5 retorno a base,5,4,3,True,61,50458.4,False,,,,,,,,,,32414.3,29277.1,50458.4,42871.1,True,0,2026-09-08 15:34
3bfe5c8b-aec7-42a5-8f0f-d310d99558ed,RQQ-5B81,2026-09-08 15:32,B 29/08-13/09,falso,9 sem disparo afastando_geral (outra origem),0,0,4,True,88,78878.9,False,,,,,,,,,,,,,,,0,2026-09-08 15:39
b50ea55f-af0d-4a39-9359-10537bc627c4,RQU-6G55,2026-09-09 07:47,B 29/08-13/09,falso,3b visita cliente da lista logo depois (reta nao diminui),38,37,37,True,15,31102.0,True,4.0,570,703.1,355.1,,588530,36.0,True,True,752.0,703.1,31102.0,31017.5,True,0,2026-09-09 07:49
aa4e258d-760f-482f-9e3a-be1d76efd50c,RBG-8J72,2026-09-09 07:59,B 29/08-13/09,falso,8 indeterminado,29,28,29,True,16,7188.6,True,2.6,2235,2272.9,2272.9,,,,,,2332.1,2272.9,7188.6,7192.0,True,0,2026-09-09 08:03
9c8b082a-d9c0-490a-9423-27ed867cbdd1,RQV-6C75,2026-09-09 13:43,B 29/08-13/09,correto,5 retorno a base,8,8,3,True,40,87238.8,False,,,,,,,,,,1032.9,6395.2,87238.8,83134.9,True,0,2026-09-09 13:47
ae725d82-f269-4044-8e16-d21e0a66ef70,RQQ-5B81,2026-09-09 14:50,B 29/08-13/09,falso,5 retorno a base,10,10,4,True,57,130497.7,False,,,,,,,,,,16847.4,26211.7,130497.7,122483.0,True,0,2026-09-09 14:53
a5d831e2-97c0-41ca-a8e2-1b89b1d04e9c,RQU-3F71,2026-09-09 14:55,B 29/08-13/09,correto,8 indeterminado,29,28,13,True,13,37705.2,True,1.8,303,1112.2,1112.2,,,,,,465.1,1313.2,37705.2,38223.5,True,0,2026-09-09 14:56
0ba45186-50c0-4e67-8c32-a79cf53da5ec,RBG-5G18,2026-09-09 15:09,B 29/08-13/09,correto,8 indeterminado,6,6,3,True,11,129841.3,True,10.3,521,1140.9,1140.9,,,,,,1154.9,969.9,129841.3,128970.9,True,0,2026-09-09 15:13
ac30b270-c0c2-4edf-9f12-3efb53f1e3bb,TOS-4G92,2026-09-09 15:27,B 29/08-13/09,correto,8 indeterminado,12,11,6,True,39,21933.9,True,3.1,141,1598.2,1598.2,,,,,,1015.9,1585.5,21933.9,21117.2,True,0,2026-09-09 15:30
a71b6f05-c54f-4034-ae7f-308c604586c6,RQV-6C22,2026-09-09 15:32,B 29/08-13/09,falso,5 retorno a base,5,5,2,True,57,124145.4,False,,,,,,,,,,8450.4,18045.0,124145.4,116931.0,True,0,2026-09-09 15:35
de177eb3-234a-4f94-8542-b5541762439f,RBG-5G18,2026-09-09 15:41,B 29/08-13/09,falso,5 retorno a base,6,6,3,True,46,130413.3,False,,,,,,,,,,2119.5,11675.0,130413.3,125435.8,True,0,2026-09-09 15:45
ecb2c5f0-c2f9-4e48-8ab8-9894f31a26e1,TOS-4G92,2026-09-09 15:55,B 29/08-13/09,correto,8 indeterminado,12,11,6,True,21,23109.6,True,1.7,582,1811.8,3653.2,,,,,,1798.1,1811.8,23109.6,23117.6,True,0,2026-09-09 16:01
81240ffc-23be-484d-91d5-68c28bfb25fe,RQV-9D97,2026-09-09 16:05,B 29/08-13/09,falso,5 retorno a base,7,7,2,True,55,123114.6,False,,,,,,,,,,5089.6,12301.7,123114.6,115542.2,True,0,2026-09-09 16:08
3dc86825-c696-4a7c-89d8-e391bf7892bc,TTM-7C13,2026-09-09 16:11,B 29/08-13/09,correto,6 para no cliente da lista (<=150m),17,16,11,True,25,12729.4,True,9.8,723,21.3,1777.3,,487794,50.3,True,True,465.5,21.3,12729.4,12494.8,True,0,2026-09-09 16:14
92f85f78-9ef4-4d9d-aef6-a2156ccc930b,RBJ-7H78,2026-09-10 09:08,B 29/08-13/09,correto,1d para em ponto do ROMANEIO que nao esta na lista da Central,22,21,21,True,33,34323.0,True,7.1,626,3873.5,3873.5,0.0,618302,48.5,True,True,1071.5,3873.5,34323.0,37076.3,True,0,2026-09-10 09:11
240a4acd-7d44-4671-9db2-5029fd1cc688,RQV-6C22,2026-09-10 09:11,B 29/08-13/09,correto,"3 rota indireta: vai a cliente da lista (reta diminui, rua sobe)",25,25,24,True,18,136059.4,True,1.7,271,1529.5,1529.5,2537.8,475261,14.5,True,True,1544.3,1144.4,136059.4,136497.9,True,0,2026-09-10 09:15
5f544bc2-97af-4cf2-b2b8-d757dbb714b4,RQV-8A12,2026-09-10 09:43,B 29/08-13/09,falso,1a lista vazia: Unitrac sem pendentes (so base),1,0,0,False,50,21804.3,True,23.5,980,25070.5,,,,,,,,,,,True,0,2026-09-10 09:53
52501acf-83e4-4041-99ab-a90cfbedf831,TTK-8A87,2026-09-10 10:43,B 29/08-13/09,falso,1a lista vazia: Unitrac sem pendentes (so base),1,0,0,False,9,9884.7,True,1.7,197,9794.8,,,,,,,,,,,True,0,2026-09-10 10:53
91f96816-aeb3-4c7e-b72c-e962e8a113cd,RQU-5G33,2026-09-10 10:48,B 29/08-13/09,falso,"3 rota indireta: vai a cliente da lista (reta diminui, rua sobe)",16,16,13,True,25,56140.3,True,14.5,1036,76.2,76.2,0.0,622522,16.3,True,True,1186.2,219.5,56140.3,56214.9,True,0,2026-09-10 11:01
5c9dfd7d-c5bc-4c6f-8b13-68e9aae5f313,RQU-0B47,2026-09-10 11:15,B 29/08-13/09,falso,1c visitou cliente que NAO estava na lista (nenhuma fonte),20,20,19,True,6,68467.4,True,15.8,172,13.3,13.3,0.0,597052,-2.5,False,False,2013.2,1324.1,68467.4,68055.8,True,0,2026-09-10 11:20
3dd89b55-c0cb-446d-bfa5-97c8d5163186,TUO-1D10,2026-09-10 14:32,B 29/08-13/09,falso,5 retorno a base,4,3,2,True,8,28247.2,True,13.4,343,50.5,50.5,0.0,,,,,3457.7,872.8,28247.2,25721.2,True,0,2026-09-10 14:48
21f2569a-d25c-4bcb-bd87-717b2b11c314,RQV-9E67,2026-09-10 15:20,B 29/08-13/09,falso,8 indeterminado,8,8,1,True,37,116115.3,True,37.3,144,49359.9,51553.3,49707.6,,,,,14250.5,22717.4,116115.3,121257.2,True,0,2026-09-10 15:26
050400b2-5f98-48f2-9d2f-607c4c3ed0aa,TOS-4J82,2026-09-11 07:42,B 29/08-13/09,correto,3b visita cliente da lista logo depois (reta nao diminui),29,29,28,True,15,94896.8,True,3.0,437,1257.9,1257.9,0.0,108342,20.1,True,True,1126.8,1257.9,94896.8,95017.6,True,0,2026-09-11 07:46
b593ed92-3763-42d4-94e9-a6422c66ee42,RQU-5H30,2026-09-11 07:44,B 29/08-13/09,falso,2 para perto de cliente da lista mas coord. a 150-600m,26,25,24,True,25,30540.2,True,2.8,633,348.5,655.1,6.9,,,,,600.7,348.4,30540.2,30712.9,True,0,2026-09-11 07:49
b3096ced-3010-44c9-8a4d-2d183e98a42b,RQU-9J17,2026-09-11 07:52,B 29/08-13/09,falso,"3 rota indireta: vai a cliente da lista (reta diminui, rua sobe)",29,29,29,True,69,83366.9,True,14.3,787,11.5,11.5,11.5,310501,34.2,True,True,6523.4,1481.2,83366.9,87241.4,True,0,2026-09-11 07:56
77ae14c7-512e-41c8-80d2-4b1380d1eb2e,RQU-9J17,2026-09-11 14:47,B 29/08-13/09,falso,8 indeterminado,7,7,1,True,75,86723.2,False,,,,,,,,,,3099.8,6043.6,86723.2,86082.8,True,0,2026-09-11 14:40
3c95420d-6741-44d8-964e-fa1025e2730e,RQU-2G47,2026-09-11 14:50,B 29/08-13/09,correto,3b visita cliente da lista logo depois (reta nao diminui),19,19,12,True,23,98265.9,True,2.5,484,700.2,11329.8,0.0,646219,43.8,True,True,507.2,700.2,98265.9,98135.4,True,0,2026-09-11 14:57
edf07995-ee10-4ab2-be48-1db15a3a7fb8,RQU-6E83,2026-09-12 11:28,B 29/08-13/09,falso,3b visita cliente da lista logo depois (reta nao diminui),21,20,21,True,62,34295.5,True,30.4,395,27.5,27.5,510.6,608007,32.5,True,True,699.5,6419.9,34295.5,39115.5,True,0,2026-09-12 11:32
288379d1-8310-4ccd-832a-8f3cc27e63a5,TTM-2G02,2026-09-12 11:40,B 29/08-13/09,falso,1d para em ponto do ROMANEIO que nao esta na lista da Central,27,26,10,True,31,19232.2,True,2.3,330,648.0,1575.7,84.3,285808,56.3,True,True,499.2,537.9,19232.2,19566.8,True,0,2026-09-12 11:47
875de98d-cea0-4939-aedf-c836301070e2,RQQ-4I72,2026-09-12 12:49,B 29/08-13/09,falso,5 retorno a base,4,4,0,False,38,77391.6,False,,,,,,,,,,2333.6,7414.7,77391.6,75673.5,True,0,2026-09-12 12:54
ab1fee6f-769b-41b3-9d3e-104417f85dcb,RQV-6I51,2026-09-12 12:50,B 29/08-13/09,falso,7 GPS ruidoso,1,1,0,False,64,99809.9,True,2.3,472,16883.0,,16888.2,,,,,,,,,True,1,2026-09-12 12:56
8de3dc7f-1b98-47ac-9b79-ee6d908b2539,RQU-6E83,2026-09-14 10:57,C 14-21/09,falso,"3 rota indireta: vai a cliente da lista (reta diminui, rua sobe)",16,15,13,True,49,11446.4,True,12.4,493,17.3,17.3,0.0,885993,14.0,True,True,2124.1,421.4,11446.4,10447.4,True,0,2026-09-14 11:00
4c95b5ca-90ad-43bf-8c0e-636321a4965d,TTI-6E49,2026-09-14 11:19,C 14-21/09,falso,1a lista vazia: Unitrac sem pendentes (so base),1,0,0,False,20,12101.7,True,3.6,2181,12034.0,,612.4,,,,,,,,,True,0,2026-09-14 11:24
038ffcf4-03f9-4fa4-b7ea-f21830023f57,RQU-5G33,2026-09-14 11:40,C 14-21/09,falso,1a lista vazia: Unitrac sem pendentes (so base),1,0,0,False,70,1767.2,True,19.3,602,16546.8,,,,,,,,,,,True,0,2026-09-14 11:48
89e3936c-92a5-4f06-971a-662a6827a06d,RBJ-2H28,2026-09-14 12:03,C 14-21/09,falso,1d para em ponto do ROMANEIO que nao esta na lista da Central,8,7,6,True,0,24991.6,True,0.4,719,618.4,1396.4,13.6,,,,,617.9,617.9,24991.6,24991.6,True,0,2026-09-14 12:06
3e351e81-8203-43d4-93f5-dd299dd8c239,TUI-1A90,2026-09-14 12:18,C 14-21/09,falso,1d para em ponto do ROMANEIO que nao esta na lista da Central,5,4,2,True,11,16719.6,True,13.6,1537,785.4,785.4,195.0,,,,,940.9,715.6,16719.6,16716.6,True,0,2026-09-14 12:23
c2a054ac-8d39-49d0-b121-3040fb11da79,RBF-5G63,2026-09-15 07:37,C 14-21/09,falso,"3 rota indireta: vai a cliente da lista (reta diminui, rua sobe)",35,34,34,True,76,96103.7,False,,,,,,,,,,18834.6,7435.8,96103.7,107343.9,True,0,2026-09-15 07:43
767e3407-947c-455e-9b0c-ddcce08fc261,RQV-4F38,2026-09-15 07:37,C 14-21/09,falso,6 para no cliente da lista (<=150m),19,18,18,True,87,94374.8,True,30.6,504,5.2,5.2,5.2,,,,,26777.1,14971.4,94374.8,106024.1,True,0,2026-09-15 07:42
127853a3-d289-42e2-9332-ff085b3e2865,TUI-1A90,2026-09-15 07:42,C 14-21/09,falso,3b visita cliente da lista logo depois (reta nao diminui),25,23,24,True,8,16935.6,True,1.4,234,510.1,118.1,510.1,261762,14.0,True,True,496.3,389.6,16935.6,17090.3,True,0,2026-09-15 07:44
1e5077a4-c2ec-4096-8fc4-a6edd9457ffb,RBJ-2H28,2026-09-15 07:55,C 14-21/09,falso,3b visita cliente da lista logo depois (reta nao diminui),29,27,27,True,23,18509.8,True,21.6,212,12.4,12.4,185.1,552844,44.1,True,True,5776.0,5570.3,18509.8,17678.5,True,0,2026-09-15 07:56
60d18b02-ea8d-429c-bcb7-37a96a8a68ce,TTI-6E49,2026-09-15 08:14,C 14-21/09,falso,1a lista vazia: Unitrac sem pendentes (so base),1,0,0,False,37,1681.1,False,,,,,,,,,,,,,,True,0,2026-09-15 08:15
b65cb6e6-b205-4c94-8cee-e2a769155c58,RQU-6G55,2026-09-15 08:15,C 14-21/09,falso,1c visitou cliente que NAO estava na lista (estava nos pendentes/filtrado),34,32,32,True,24,32149.9,True,13.8,197,30.9,30.9,26.8,509008,-1.6,False,True,575.5,64.0,32149.9,33616.5,True,0,2026-09-15 08:18
7a06ccc9-9ba7-4582-b079-dc0cf58964b5,RBG-8J72,2026-09-15 08:22,C 14-21/09,falso,8 indeterminado,33,31,31,True,10,7196.3,True,3.5,1261,2273.1,2273.1,2282.5,,,,,2343.1,2273.1,7196.3,7192.1,True,0,2026-09-15 08:24
6877d5ca-bc44-4697-8357-542f48e59cee,RBH-4F35,2026-09-15 08:27,C 14-21/09,correto,8 indeterminado,29,27,25,True,17,18208.6,True,4.1,481,1368.1,1368.1,448.3,,,,,1533.2,1369.3,18208.6,18827.3,True,0,2026-09-15 08:41
ea5d2f8c-2669-48db-ba42-89c2c70ffaee,TUM-1C79,2026-09-16 07:45,C 14-21/09,falso,1a lista vazia: Unitrac sem pendentes (so base),1,0,0,False,10,47207.4,True,30.9,484,55875.5,,0.0,,,,,,,,,True,0,2026-09-16 07:53
1fadf434-8d49-4d06-a936-a950bb04e374,TTK-8A87,2026-09-16 07:51,C 14-21/09,falso,9 sem disparo afastando_geral (outra origem),0,0,35,True,7,107520.1,True,7.8,358,,3114.4,3114.4,,,,,,,,,,0,2026-09-16 07:56
1f4b1d82-139e-4a1f-bb88-a1d2e8ae8b85,TOS-1H26,2026-09-16 07:51,C 14-21/09,falso,"3 rota indireta: vai a cliente da lista (reta diminui, rua sobe)",13,12,27,True,88,45823.9,False,,,,,,775221,55.8,True,True,47596.7,35357.3,45823.9,56719.7,False,0,2026-09-16 08:01
57dbc12d-7767-4807-8a3e-d97bf0062133,TTE-6D61,2026-09-17 08:54,C 14-21/09,falso,1a lista vazia: Unitrac sem pendentes (so base),1,0,0,False,23,12408.6,True,16.0,320,13648.1,,,,,,,,,,,True,0,2026-09-17 08:56
c2ab727f-a79b-44b3-9916-58f733ab156b,RBG-5G18,2026-09-17 09:32,C 14-21/09,falso,1d para em ponto do ROMANEIO que nao esta na lista da Central,24,24,23,True,0,116373.9,True,0.1,301,1825.0,4937.8,46.2,,,,,1825.0,1328.1,116373.9,116274.6,True,0,2026-09-17 09:37
a8b80709-c2b9-45ee-a4ec-090015e35a8b,RBJ-2J67,2026-09-17 09:32,C 14-21/09,falso,3b visita cliente da lista logo depois (reta nao diminui),30,29,26,True,0,7978.2,True,0.1,797,376.3,912.7,118.6,499015,26.6,True,True,382.0,375.6,7978.2,7986.5,True,0,2026-09-17 09:40
a23973f9-a3a2-49dc-9f9b-ad143247923f,RQO-1B27,2026-09-17 10:05,C 14-21/09,falso,1a lista vazia: Unitrac sem pendentes (so base),1,0,0,False,11,20321.5,True,2.1,333,20302.4,,2847.3,,,,,,,,,True,0,2026-09-17 10:10
e559f998-a6a5-4df4-8b46-8827fbc22f88,RBI-0J25,2026-09-18 07:40,C 14-21/09,falso,1b lista so base: pendentes existem mas >50km/filtrados,1,0,25,True,46,6718.6,False,,,,,,,,,,,,,,True,0,2026-09-18 07:45
9248a6d1-92ae-40eb-bc03-c7f7f4bb8e52,RBG-2D21,2026-09-18 07:44,C 14-21/09,falso,8 indeterminado,2,1,31,True,80,32436.6,True,20.2,1118,54360.7,39366.7,39366.7,,,,,31143.6,43850.6,32436.6,45386.9,True,0,2026-09-18 07:51
97766532-9c2e-4bd9-9041-e3ccf8d88d3a,RQV-3G18,2026-09-18 07:52,C 14-21/09,falso,1b lista so base: pendentes existem mas >50km/filtrados,1,0,23,True,52,13943.9,False,,,,,,,,,,,,,,True,0,2026-09-18 08:00
9d09a8aa-ee9c-4b2f-b7f8-34061510737a,TTI-6E49,2026-09-18 12:31,C 14-21/09,falso,1a lista vazia: Unitrac sem pendentes (so base),1,0,0,False,11,20877.4,True,12.8,217,20588.3,,1439.7,,,,,,,,,True,0,2026-09-18 12:34
592da776-7eeb-424e-9492-920fd5c390ff,RQO-1B27,2026-09-21 09:10,C 14-21/09,falso,1a lista vazia: Unitrac sem pendentes (so base),1,0,0,False,38,16789.4,True,21.7,1010,13078.0,,,,,,,,,,,True,0,2026-09-21 09:21
b326504f-c384-420f-84bb-ea32c777d012,TTI-6E49,2026-09-21 09:12,C 14-21/09,falso,1a lista vazia: Unitrac sem pendentes (so base),1,0,0,False,12,12085.1,True,3.4,135,11947.2,,,,,,,,,,,True,0,2026-09-21 09:22
84211308-5000-49e2-b593-b6818f33e93e,RQU-9D10,2026-09-21 09:20,C 14-21/09,falso,3b visita cliente da lista logo depois (reta nao diminui),9,8,6,True,0,20744.7,True,0.1,1285,380.8,380.8,35.8,782427,3.3,True,True,380.8,380.8,20744.7,20744.7,True,0,2026-09-21 09:26
de535804-9c90-4bd6-85bb-850836d7cecf,TOS-6H57,2026-09-21 09:28,C 14-21/09,falso,9 sem disparo afastando_geral (outra origem),0,0,0,False,0,1661.7,True,-1.7,2419,,,,,,,,,,,,,0,2026-09-21 09:35
8482abd7-c81f-4850-91f2-425db5d9e527,RQV-9E37,2026-09-21 09:28,C 14-21/09,correto,1a lista vazia: Unitrac sem pendentes (so base),1,0,0,False,65,1232.0,False,,,,,,,,,,,,,,True,0,2026-09-21 09:41
402a1e0b-1207-4c62-8c3c-c08a2aeaf7e1,TOS-4J82,2026-09-21 09:34,C 14-21/09,falso,1d para em ponto do ROMANEIO que nao esta na lista da Central,8,8,7,True,34,99251.6,True,1.2,548,6550.6,6550.6,284.4,,,,,6534.1,6550.6,99251.6,99194.9,True,0,2026-09-21 09:43
b6d2d622-d557-4d7d-aa0b-3c674c51b41b,TUM-1C79,2026-09-21 09:38,C 14-21/09,falso,1a lista vazia: Unitrac sem pendentes (so base),1,0,0,False,8,19568.2,True,3.1,172,19898.0,,,,,,,,,,,True,0,2026-09-21 09:45
ea4b603d-b191-4c2d-87e1-df5bdbb80a03,RBF-5G63,2026-09-21 09:52,C 14-21/09,falso,5 retorno a base,2,1,1,True,12,5186.3,True,25.9,817,41.1,1182.2,1225.8,,,,,4191.5,2567.5,5186.3,3427.1,True,0,2026-09-21 09:55
